generation	tebeforesex	teaftersex	modfreq	replicate	reprmode
10	49.9945	49.9948	0.00848	1	asex
20	49.9925	49.992	0.00806	1	asex
30	49.9904	49.9903	0.00809	1	asex
40	49.9858	49.9858	0.00898	1	asex
50	49.9776	49.9755	0.01138	1	asex
60	49.9785	49.9796	0.01155	1	asex
70	49.9739	49.9746	0.01294	1	asex
80	49.9727	49.9725	0.01269	1	asex
90	49.97	49.9717	0.01261	1	asex
100	49.9601	49.9583	0.01507	1	asex
110	49.9543	49.9548	0.01407	1	asex
120	49.9592	49.9618	0.01299	1	asex
130	49.9526	49.9503	0.01367	1	asex
140	49.9428	49.9413	0.01303	1	asex
150	49.9391	49.941	0.01273	1	asex
160	49.9359	49.9361	0.01208	1	asex
170	49.9469	49.9498	0.01133	1	asex
180	49.9457	49.9441	0.01383	1	asex
190	49.9269	49.9286	0.01545	1	asex
200	49.914	49.9166	0.01483	1	asex
210	49.9082	49.9075	0.01662	1	asex
220	49.9023	49.902	0.01595	1	asex
230	49.8905	49.8905	0.01609	1	asex
240	49.8826	49.8892	0.01588	1	asex
250	49.8802	49.8764	0.01657	1	asex
260	49.8701	49.8737	0.01703	1	asex
270	49.8754	49.8773	0.01573	1	asex
280	49.8892	49.8845	0.01388	1	asex
290	49.8689	49.8735	0.0142	1	asex
300	49.8915	49.8909	0.01214	1	asex
310	49.885	49.8845	0.01283	1	asex
320	49.8846	49.8864	0.01193	1	asex
330	49.8768	49.8782	0.01267	1	asex
340	49.8571	49.8545	0.01411	1	asex
350	49.8512	49.8476	0.01522	1	asex
360	49.861	49.8593	0.01434	1	asex
370	49.8338	49.8344	0.0154	1	asex
380	49.802	49.7966	0.01811	1	asex
390	49.7815	49.7846	0.01835	1	asex
400	49.7615	49.7598	0.01972	1	asex
410	49.7663	49.7708	0.01873	1	asex
420	49.7482	49.7495	0.0204	1	asex
430	49.7433	49.7408	0.01966	1	asex
440	49.7349	49.7331	0.02063	1	asex
450	49.6819	49.6768	0.02428	1	asex
460	49.6949	49.6808	0.02453	1	asex
470	49.6566	49.6463	0.02743	1	asex
480	49.6327	49.6245	0.02881	1	asex
490	49.6026	49.6059	0.03	1	asex
500	49.6115	49.6188	0.0275	1	asex
510	49.6356	49.639	0.02505	1	asex
520	49.6735	49.6732	0.02172	1	asex
530	49.6186	49.6096	0.02416	1	asex
540	49.5574	49.5396	0.02951	1	asex
550	49.4905	49.494	0.0335	1	asex
560	49.5227	49.5213	0.03187	1	asex
570	49.5086	49.5139	0.03315	1	asex
580	49.4904	49.4918	0.03546	1	asex
590	49.475	49.4627	0.03734	1	asex
600	49.4378	49.436	0.03925	1	asex
610	49.4128	49.414	0.03878	1	asex
620	49.4181	49.4255	0.03882	1	asex
630	49.3602	49.343	0.04489	1	asex
640	49.2513	49.251	0.04996	1	asex
650	49.1867	49.1859	0.05418	1	asex
660	49.183	49.1799	0.05441	1	asex
670	49.1527	49.1511	0.05475	1	asex
680	49.0649	49.0671	0.05951	1	asex
690	48.9853	48.9804	0.06367	1	asex
700	48.886	48.8836	0.06893	1	asex
710	48.7489	48.7372	0.07593	1	asex
720	48.6919	48.6884	0.0787	1	asex
730	48.7125	48.7079	0.07656	1	asex
740	48.703	48.684	0.07711	1	asex
750	48.5433	48.5264	0.08443	1	asex
760	48.4791	48.4446	0.08719	1	asex
770	48.28	48.2712	0.09525	1	asex
780	48.1558	48.1472	0.10043	1	asex
790	48.0947	48.0902	0.10308	1	asex
800	48.0134	48.003	0.10681	1	asex
810	47.85	47.8531	0.11316	1	asex
820	47.6618	47.6503	0.12311	1	asex
830	47.4648	47.4433	0.13333	1	asex
840	47.2443	47.2361	0.14268	1	asex
850	47.0508	47.0036	0.15258	1	asex
860	46.7805	46.7305	0.16533	1	asex
870	46.5286	46.4884	0.17504	1	asex
880	46.1784	46.1365	0.18917	1	asex
890	45.7268	45.7156	0.2071	1	asex
900	45.528	45.4969	0.21841	1	asex
910	45.2152	45.192	0.23209	1	asex
920	44.8224	44.8151	0.2496	1	asex
930	44.5865	44.5442	0.26227	1	asex
940	44.1311	44.0798	0.28373	1	asex
950	43.56	43.5112	0.30887	1	asex
960	43.2431	43.178	0.32272	1	asex
970	42.4636	42.4048	0.35741	1	asex
980	41.896	41.7974	0.38098	1	asex
990	41.2975	41.2964	0.40143	1	asex
10	49.9937	49.9943	0.0093	2	asex
20	49.9873	49.9871	0.00962	2	asex
30	49.9824	49.9833	0.01039	2	asex
40	49.9812	49.9818	0.0104	2	asex
50	49.9777	49.9769	0.00966	2	asex
60	49.9751	49.9763	0.01003	2	asex
70	49.9693	49.9676	0.01184	2	asex
80	49.9656	49.9664	0.01154	2	asex
90	49.9655	49.9668	0.01094	2	asex
100	49.9629	49.9634	0.01093	2	asex
110	49.951	49.9509	0.01123	2	asex
120	49.9493	49.9494	0.01088	2	asex
130	49.9432	49.9434	0.01206	2	asex
140	49.9377	49.9389	0.01173	2	asex
150	49.9288	49.9308	0.01156	2	asex
160	49.9264	49.929	0.01181	2	asex
170	49.9244	49.9218	0.01284	2	asex
180	49.9147	49.9172	0.0135	2	asex
190	49.9025	49.9069	0.01462	2	asex
200	49.9109	49.9108	0.01544	2	asex
210	49.899	49.8975	0.01704	2	asex
220	49.9051	49.9058	0.01524	2	asex
230	49.8797	49.881	0.01645	2	asex
240	49.8887	49.892	0.01634	2	asex
250	49.874	49.8796	0.01724	2	asex
260	49.8683	49.8671	0.01832	2	asex
270	49.8598	49.8607	0.02025	2	asex
280	49.8711	49.8634	0.02072	2	asex
290	49.8585	49.855	0.02149	2	asex
300	49.8398	49.8398	0.02307	2	asex
310	49.8353	49.8336	0.02338	2	asex
320	49.8281	49.8225	0.02367	2	asex
330	49.8032	49.797	0.02558	2	asex
340	49.8099	49.8093	0.02426	2	asex
350	49.7868	49.7884	0.02409	2	asex
360	49.7665	49.765	0.02571	2	asex
370	49.7333	49.7222	0.0292	2	asex
380	49.7107	49.7035	0.03133	2	asex
390	49.6808	49.6792	0.0323	2	asex
400	49.6503	49.6556	0.03378	2	asex
410	49.6445	49.6356	0.03478	2	asex
420	49.6118	49.6112	0.03565	2	asex
430	49.5776	49.5691	0.03872	2	asex
440	49.5183	49.5042	0.04458	2	asex
450	49.4633	49.4553	0.04744	2	asex
460	49.4387	49.4401	0.04829	2	asex
470	49.4416	49.434	0.04903	2	asex
480	49.3446	49.3442	0.05591	2	asex
490	49.2919	49.3114	0.05797	2	asex
500	49.3019	49.2816	0.0589	2	asex
510	49.188	49.1702	0.06676	2	asex
520	49.0895	49.1048	0.07038	2	asex
530	49.0714	49.0651	0.07149	2	asex
540	48.9945	48.9907	0.0757	2	asex
550	48.9973	48.9907	0.07528	2	asex
560	48.9284	48.9069	0.08096	2	asex
570	48.8397	48.8295	0.08637	2	asex
580	48.7478	48.7284	0.09154	2	asex
590	48.6606	48.6583	0.09556	2	asex
600	48.5513	48.5418	0.10226	2	asex
610	48.3593	48.3442	0.11464	2	asex
620	48.2808	48.2626	0.11874	2	asex
630	48.1563	48.1816	0.12421	2	asex
640	48.0732	48.0767	0.12881	2	asex
650	47.977	47.9574	0.13561	2	asex
660	47.7976	47.7838	0.14581	2	asex
670	47.7088	47.6737	0.15111	2	asex
680	47.4633	47.4341	0.16393	2	asex
690	47.2602	47.2471	0.17314	2	asex
700	47.0902	47.0928	0.17982	2	asex
710	46.9137	46.8995	0.18877	2	asex
720	46.7498	46.6862	0.2012	2	asex
730	46.5513	46.5523	0.2069	2	asex
740	46.384	46.3428	0.21596	2	asex
750	45.9464	45.9136	0.23764	2	asex
760	45.7081	45.6442	0.25063	2	asex
770	45.4312	45.3974	0.26109	2	asex
780	45.1878	45.1763	0.27004	2	asex
790	44.9505	44.9066	0.28224	2	asex
800	44.6461	44.6639	0.29561	2	asex
810	44.4507	44.4493	0.30384	2	asex
820	44.19	44.1807	0.31531	2	asex
830	43.8587	43.8128	0.3324	2	asex
840	43.5476	43.497	0.34733	2	asex
850	43.037	42.971	0.37154	2	asex
860	42.5001	42.4489	0.39547	2	asex
870	42.0887	42.0072	0.41721	2	asex
880	41.514	41.4622	0.44219	2	asex
890	40.8908	40.8366	0.46979	2	asex
900	40.3281	40.2846	0.49502	2	asex
910	39.7185	39.6921	0.51894	2	asex
920	39.0724	39.0481	0.54675	2	asex
930	38.6139	38.5018	0.56901	2	asex
940	38.0545	38.0266	0.58557	2	asex
950	37.6061	37.557	0.60254	2	asex
960	37.0303	36.9809	0.62332	2	asex
970	36.4429	36.4534	0.64259	2	asex
980	35.9791	35.8909	0.66333	2	asex
990	35.4362	35.3715	0.68107	2	asex
10	49.9901	49.9907	0.01004	3	asex
20	49.9892	49.9894	0.00882	3	asex
30	49.9883	49.9875	0.00837	3	asex
40	49.9865	49.9862	0.008	3	asex
50	49.9814	49.982	0.00636	3	asex
60	49.9761	49.9784	0.00617	3	asex
70	49.974	49.9741	0.00719	3	asex
80	49.9698	49.971	0.00713	3	asex
90	49.9745	49.9731	0.00628	3	asex
100	49.9679	49.9666	0.00695	3	asex
110	49.9549	49.9581	0.00822	3	asex
120	49.9477	49.9467	0.00995	3	asex
130	49.9397	49.9417	0.0101	3	asex
140	49.9404	49.9401	0.00975	3	asex
150	49.9395	49.9405	0.00928	3	asex
160	49.9437	49.9447	0.00831	3	asex
170	49.9369	49.9382	0.00844	3	asex
180	49.9308	49.9298	0.00897	3	asex
190	49.9211	49.9226	0.01009	3	asex
200	49.9107	49.9143	0.01074	3	asex
210	49.8869	49.8865	0.01333	3	asex
220	49.8779	49.8784	0.0136	3	asex
230	49.8504	49.8574	0.0153	3	asex
240	49.8371	49.8373	0.018	3	asex
250	49.8053	49.8018	0.02138	3	asex
260	49.7657	49.7787	0.02278	3	asex
270	49.7335	49.7311	0.02651	3	asex
280	49.7094	49.7064	0.02807	3	asex
290	49.6623	49.6678	0.03047	3	asex
300	49.6629	49.6576	0.03033	3	asex
310	49.6071	49.6001	0.03365	3	asex
320	49.5597	49.5536	0.03709	3	asex
330	49.5343	49.5392	0.03715	3	asex
340	49.5114	49.5114	0.03796	3	asex
350	49.5177	49.5229	0.03605	3	asex
360	49.4794	49.4667	0.03916	3	asex
370	49.4342	49.4327	0.0411	3	asex
380	49.3698	49.3714	0.04522	3	asex
390	49.3172	49.3041	0.04925	3	asex
400	49.2326	49.2272	0.05507	3	asex
410	49.1618	49.1589	0.05907	3	asex
420	49.1021	49.092	0.06362	3	asex
430	49.0101	49.0142	0.06875	3	asex
440	48.9271	48.9213	0.07411	3	asex
450	48.8495	48.8543	0.07745	3	asex
460	48.8002	48.776	0.08205	3	asex
470	48.719	48.7371	0.08405	3	asex
480	48.6614	48.6507	0.08802	3	asex
490	48.5587	48.5324	0.096	3	asex
500	48.504	48.4696	0.09894	3	asex
510	48.3441	48.3208	0.10756	3	asex
520	48.1661	48.1313	0.11834	3	asex
530	48.0677	48.0234	0.12467	3	asex
540	47.8748	47.8382	0.13436	3	asex
550	47.7409	47.678	0.14202	3	asex
560	47.5124	47.5391	0.15058	3	asex
570	47.2553	47.2523	0.16515	3	asex
580	47.0725	47.0643	0.1739	3	asex
590	47.0366	47.0073	0.17586	3	asex
600	46.673	46.6321	0.19541	3	asex
610	46.3806	46.4104	0.2052	3	asex
620	46.1547	46.1366	0.21746	3	asex
630	45.7637	45.7482	0.23337	3	asex
640	45.3397	45.2491	0.25661	3	asex
650	45.0414	44.9718	0.26805	3	asex
660	44.6666	44.6463	0.284	3	asex
670	44.4016	44.375	0.29355	3	asex
680	44.1569	44.1154	0.30474	3	asex
690	43.8026	43.7616	0.31888	3	asex
700	43.3422	43.2615	0.33873	3	asex
710	42.6824	42.6786	0.36529	3	asex
720	42.22	42.1791	0.38921	3	asex
730	41.6555	41.5815	0.41537	3	asex
740	41.0853	41.0752	0.43874	3	asex
750	40.486	40.4115	0.46438	3	asex
760	39.8201	39.7958	0.4867	3	asex
770	39.3735	39.3627	0.50177	3	asex
780	38.7847	38.8007	0.52447	3	asex
790	38.0642	38.1198	0.55029	3	asex
800	37.4275	37.3789	0.57831	3	asex
810	36.8659	36.8846	0.59526	3	asex
820	36.2506	36.1719	0.62256	3	asex
830	35.5128	35.4762	0.6499	3	asex
840	34.7741	34.6653	0.67952	3	asex
850	34.1562	34.0814	0.69881	3	asex
860	33.3736	33.3351	0.72671	3	asex
870	32.8449	32.7764	0.74539	3	asex
880	32.2232	32.1084	0.76567	3	asex
890	31.6096	31.5577	0.7807	3	asex
900	31.0689	31.0361	0.79745	3	asex
910	30.5397	30.539	0.8132	3	asex
920	30.1397	30.0674	0.82678	3	asex
930	29.4704	29.4413	0.84339	3	asex
940	28.9209	28.9059	0.85846	3	asex
950	28.478	28.4355	0.87142	3	asex
960	27.8579	27.8442	0.88749	3	asex
970	27.6258	27.6109	0.89085	3	asex
980	27.1967	27.1478	0.90272	3	asex
990	26.8399	26.8287	0.90823	3	asex
10	49.9916	49.9924	0.00989	4	asex
20	49.9882	49.9887	0.0095	4	asex
30	49.9874	49.9876	0.01047	4	asex
40	49.9839	49.9858	0.00945	4	asex
50	49.9834	49.985	0.00963	4	asex
60	49.9796	49.9791	0.01215	4	asex
70	49.9678	49.9676	0.01222	4	asex
80	49.9591	49.9576	0.01185	4	asex
90	49.9519	49.9524	0.01214	4	asex
100	49.9455	49.9466	0.01295	4	asex
110	49.9434	49.9445	0.01263	4	asex
120	49.9399	49.9394	0.01216	4	asex
130	49.9393	49.9407	0.01165	4	asex
140	49.9307	49.9314	0.01167	4	asex
150	49.9217	49.923	0.01272	4	asex
160	49.927	49.9286	0.01096	4	asex
170	49.9206	49.9222	0.01132	4	asex
180	49.924	49.9233	0.01022	4	asex
190	49.9252	49.9228	0.00985	4	asex
200	49.9166	49.918	0.00982	4	asex
210	49.9124	49.9128	0.00944	4	asex
220	49.9036	49.9088	0.0099	4	asex
230	49.8989	49.9009	0.0107	4	asex
240	49.902	49.8981	0.00971	4	asex
250	49.8939	49.8945	0.00949	4	asex
260	49.8809	49.8797	0.01086	4	asex
270	49.8645	49.8657	0.01157	4	asex
280	49.8602	49.8609	0.01115	4	asex
290	49.8795	49.8788	0.00898	4	asex
300	49.8743	49.8733	0.00776	4	asex
310	49.8756	49.875	0.00793	4	asex
320	49.872	49.87	0.00849	4	asex
330	49.8463	49.8444	0.01015	4	asex
340	49.8447	49.8466	0.00937	4	asex
350	49.8271	49.8333	0.0096	4	asex
360	49.8327	49.8324	0.01019	4	asex
370	49.8302	49.8269	0.01066	4	asex
380	49.8274	49.8311	0.01013	4	asex
390	49.852	49.8539	0.00797	4	asex
400	49.8532	49.8517	0.00881	4	asex
410	49.8392	49.8403	0.00949	4	asex
420	49.8489	49.8435	0.00942	4	asex
430	49.8361	49.84	0.00998	4	asex
440	49.8387	49.8448	0.00954	4	asex
450	49.8259	49.8261	0.01104	4	asex
460	49.8153	49.8173	0.01141	4	asex
470	49.8002	49.7983	0.01335	4	asex
480	49.7872	49.7878	0.0134	4	asex
490	49.7656	49.7693	0.01544	4	asex
500	49.7567	49.7574	0.01727	4	asex
510	49.7381	49.7427	0.01768	4	asex
520	49.7309	49.7407	0.0175	4	asex
530	49.7497	49.7536	0.01603	4	asex
540	49.7265	49.7238	0.01851	4	asex
550	49.7099	49.7087	0.02056	4	asex
560	49.7237	49.7171	0.01926	4	asex
570	49.6818	49.6948	0.01965	4	asex
580	49.6804	49.6732	0.02022	4	asex
590	49.649	49.6531	0.02216	4	asex
600	49.6362	49.6421	0.02352	4	asex
610	49.6127	49.6224	0.02504	4	asex
620	49.6446	49.6504	0.02245	4	asex
630	49.5945	49.598	0.02692	4	asex
640	49.5695	49.5759	0.02791	4	asex
650	49.5283	49.5251	0.0311	4	asex
660	49.4867	49.4734	0.03395	4	asex
670	49.4875	49.4998	0.03114	4	asex
680	49.4929	49.4894	0.03343	4	asex
690	49.4832	49.4877	0.03254	4	asex
700	49.4962	49.4946	0.03234	4	asex
710	49.4629	49.4653	0.03389	4	asex
720	49.3779	49.3865	0.0392	4	asex
730	49.3705	49.3787	0.03773	4	asex
740	49.372	49.3836	0.03705	4	asex
750	49.3689	49.3627	0.03719	4	asex
760	49.2803	49.264	0.04331	4	asex
770	49.1992	49.185	0.04783	4	asex
780	49.1552	49.1538	0.05	4	asex
790	49.0342	49.0401	0.05795	4	asex
800	49.002	48.9896	0.06002	4	asex
810	48.8861	48.8571	0.06757	4	asex
820	48.8117	48.8027	0.07038	4	asex
830	48.7923	48.7904	0.07073	4	asex
840	48.7748	48.7456	0.0724	4	asex
850	48.7127	48.7147	0.07294	4	asex
860	48.6031	48.5889	0.08022	4	asex
870	48.4778	48.4509	0.08698	4	asex
880	48.2779	48.2864	0.09543	4	asex
890	48.1839	48.1767	0.10093	4	asex
900	47.9785	47.9747	0.11254	4	asex
910	47.7817	47.795	0.12159	4	asex
920	47.6604	47.6484	0.12864	4	asex
930	47.5361	47.542	0.1324	4	asex
940	47.4008	47.3908	0.13949	4	asex
950	47.2397	47.2043	0.1489	4	asex
960	47.1709	47.1441	0.15167	4	asex
970	46.9411	46.8626	0.16511	4	asex
980	46.7193	46.7119	0.17124	4	asex
990	46.3419	46.3339	0.18981	4	asex
10	49.9869	49.9866	0.01127	5	asex
20	49.9825	49.9829	0.01189	5	asex
30	49.9737	49.9756	0.01309	5	asex
40	49.9679	49.9691	0.01551	5	asex
50	49.9661	49.9657	0.01361	5	asex
60	49.958	49.9581	0.01384	5	asex
70	49.9515	49.9524	0.01307	5	asex
80	49.9497	49.9486	0.0131	5	asex
90	49.9517	49.9502	0.01238	5	asex
100	49.9503	49.951	0.01278	5	asex
110	49.9459	49.9475	0.01377	5	asex
120	49.943	49.9437	0.01458	5	asex
130	49.9306	49.9299	0.01574	5	asex
140	49.9179	49.9214	0.01776	5	asex
150	49.9057	49.9055	0.01933	5	asex
160	49.9037	49.9066	0.01922	5	asex
170	49.9066	49.9072	0.01905	5	asex
180	49.8991	49.902	0.01957	5	asex
190	49.8837	49.8826	0.02102	5	asex
200	49.8525	49.8549	0.02538	5	asex
210	49.8443	49.8428	0.02676	5	asex
220	49.8329	49.8352	0.02605	5	asex
230	49.8242	49.828	0.02634	5	asex
240	49.8189	49.8224	0.02555	5	asex
250	49.8052	49.806	0.02657	5	asex
260	49.7883	49.7838	0.02779	5	asex
270	49.7841	49.7866	0.02545	5	asex
280	49.7813	49.783	0.02519	5	asex
290	49.7683	49.7696	0.02587	5	asex
300	49.7595	49.7551	0.0279	5	asex
310	49.7473	49.7457	0.02843	5	asex
320	49.7307	49.7229	0.02965	5	asex
330	49.6934	49.6932	0.03137	5	asex
340	49.6898	49.6934	0.02975	5	asex
350	49.6615	49.6637	0.03318	5	asex
360	49.5896	49.5926	0.03993	5	asex
370	49.5867	49.5824	0.04016	5	asex
380	49.5652	49.5665	0.04327	5	asex
390	49.5264	49.5374	0.04465	5	asex
400	49.5397	49.5373	0.04416	5	asex
410	49.5033	49.508	0.04702	5	asex
420	49.4754	49.4718	0.05001	5	asex
430	49.4542	49.4541	0.05036	5	asex
440	49.4558	49.4454	0.05094	5	asex
450	49.4346	49.4159	0.05224	5	asex
460	49.3449	49.3445	0.05802	5	asex
470	49.2933	49.2922	0.06329	5	asex
480	49.2771	49.2716	0.06492	5	asex
490	49.243	49.2476	0.06793	5	asex
500	49.2099	49.2114	0.06918	5	asex
510	49.1573	49.1559	0.07249	5	asex
520	49.1149	49.0926	0.07747	5	asex
530	48.9954	48.9656	0.08653	5	asex
540	48.8745	48.8488	0.09546	5	asex
550	48.7873	48.7726	0.09933	5	asex
560	48.6356	48.6201	0.10912	5	asex
570	48.6206	48.5876	0.11155	5	asex
580	48.5018	48.4639	0.11988	5	asex
590	48.4247	48.4273	0.11997	5	asex
600	48.3107	48.2999	0.12888	5	asex
610	48.1774	48.1777	0.13434	5	asex
620	48.0504	48.0568	0.14094	5	asex
630	47.9298	47.9275	0.14845	5	asex
640	47.8308	47.8115	0.15437	5	asex
650	47.7217	47.7015	0.15976	5	asex
660	47.5352	47.5224	0.17114	5	asex
670	47.4697	47.4855	0.17279	5	asex
680	47.3281	47.319	0.18205	5	asex
690	47.1172	47.1001	0.19492	5	asex
700	46.8756	46.8403	0.20921	5	asex
710	46.6858	46.6958	0.21634	5	asex
720	46.4804	46.452	0.22841	5	asex
730	46.1374	46.1225	0.24421	5	asex
740	45.8118	45.8175	0.25806	5	asex
750	45.6084	45.5889	0.26888	5	asex
760	45.3481	45.3496	0.28206	5	asex
770	45.1059	45.1105	0.29337	5	asex
780	44.8455	44.8551	0.30514	5	asex
790	44.5324	44.4759	0.32411	5	asex
800	44.1601	44.1248	0.34059	5	asex
810	43.6883	43.67	0.36128	5	asex
820	43.2665	43.24	0.38124	5	asex
830	42.8877	42.8144	0.40089	5	asex
840	42.4244	42.4035	0.41948	5	asex
850	42.0041	41.9466	0.43937	5	asex
860	41.5004	41.4613	0.462	5	asex
870	41.0672	41.0171	0.48151	5	asex
880	40.3922	40.318	0.51425	5	asex
890	39.8335	39.7985	0.53745	5	asex
900	39.2885	39.2038	0.56258	5	asex
910	38.6484	38.6041	0.58869	5	asex
920	38.0344	37.9997	0.61364	5	asex
930	37.6186	37.5787	0.62874	5	asex
940	37.1121	37.0709	0.64735	5	asex
950	36.7306	36.6948	0.661	5	asex
960	36.1651	36.1534	0.68173	5	asex
970	35.6723	35.6034	0.70185	5	asex
980	35.1779	35.0832	0.72122	5	asex
990	34.6095	34.6067	0.73902	5	asex
10	49.9955	49.9955	0.00697	6	asex
20	49.9949	49.9946	0.00756	6	asex
30	49.9922	49.9935	0.00611	6	asex
40	49.987	49.9882	0.00599	6	asex
50	49.9857	49.9858	0.005	6	asex
60	49.986	49.9853	0.00405	6	asex
70	49.9861	49.986	0.00366	6	asex
80	49.986	49.9879	0.00335	6	asex
90	49.9878	49.9869	0.00285	6	asex
100	49.9897	49.9897	0.00255	6	asex
110	49.9867	49.9875	0.00276	6	asex
120	49.9879	49.9881	0.00335	6	asex
130	49.9933	49.9927	0.00281	6	asex
140	49.9907	49.9903	0.00314	6	asex
150	49.9949	49.9954	0.00274	6	asex
160	49.9814	49.9815	0.0036	6	asex
170	49.9779	49.9787	0.00418	6	asex
180	49.9774	49.9797	0.00371	6	asex
190	49.9761	49.979	0.00251	6	asex
200	49.9784	49.9796	0.0027	6	asex
210	49.969	49.9684	0.00301	6	asex
220	49.9561	49.9551	0.00377	6	asex
230	49.9476	49.9481	0.00386	6	asex
240	49.9488	49.9476	0.00459	6	asex
250	49.9402	49.9457	0.00474	6	asex
260	49.9452	49.9437	0.0048	6	asex
270	49.943	49.9418	0.00423	6	asex
280	49.9366	49.9322	0.00497	6	asex
290	49.9096	49.9098	0.00689	6	asex
300	49.8883	49.8853	0.00948	6	asex
310	49.8856	49.8871	0.00932	6	asex
320	49.8798	49.8779	0.00956	6	asex
330	49.8698	49.8668	0.00961	6	asex
340	49.8582	49.8526	0.01012	6	asex
350	49.8318	49.8314	0.01265	6	asex
360	49.8144	49.8158	0.01407	6	asex
370	49.8054	49.8076	0.0145	6	asex
380	49.7938	49.7904	0.01618	6	asex
390	49.7886	49.7911	0.01746	6	asex
400	49.7888	49.7877	0.01791	6	asex
410	49.7648	49.7648	0.01823	6	asex
420	49.7457	49.7547	0.01737	6	asex
430	49.727	49.725	0.02107	6	asex
440	49.7097	49.7168	0.0226	6	asex
450	49.7067	49.705	0.02342	6	asex
460	49.7059	49.6986	0.02427	6	asex
470	49.6909	49.6902	0.02554	6	asex
480	49.6642	49.6564	0.02756	6	asex
490	49.6441	49.6386	0.02761	6	asex
500	49.5957	49.5977	0.03109	6	asex
510	49.5814	49.5824	0.03117	6	asex
520	49.5641	49.5688	0.03026	6	asex
530	49.5688	49.5702	0.02933	6	asex
540	49.5624	49.5603	0.02853	6	asex
550	49.5353	49.5313	0.02995	6	asex
560	49.5147	49.5079	0.03237	6	asex
570	49.5134	49.5093	0.03201	6	asex
580	49.4675	49.4629	0.03625	6	asex
590	49.437	49.4272	0.03766	6	asex
600	49.4083	49.4147	0.03889	6	asex
610	49.3605	49.339	0.04373	6	asex
620	49.299	49.2958	0.04673	6	asex
630	49.2428	49.2286	0.0502	6	asex
640	49.1237	49.1286	0.05671	6	asex
650	49.0767	49.0728	0.0601	6	asex
660	49.02	49.0401	0.06037	6	asex
670	48.9629	48.9572	0.06537	6	asex
680	48.8586	48.8617	0.07122	6	asex
690	48.7768	48.7636	0.07662	6	asex
700	48.6937	48.7032	0.07903	6	asex
710	48.6463	48.652	0.08104	6	asex
720	48.6495	48.6515	0.08099	6	asex
730	48.5442	48.5309	0.08808	6	asex
740	48.4793	48.4811	0.09052	6	asex
750	48.3922	48.377	0.09588	6	asex
760	48.2822	48.2684	0.1015	6	asex
770	48.2331	48.1886	0.10416	6	asex
780	48.0621	48.0471	0.11129	6	asex
790	47.854	47.8464	0.12248	6	asex
800	47.7242	47.7175	0.12835	6	asex
810	47.601	47.5937	0.13435	6	asex
820	47.4985	47.478	0.13952	6	asex
830	47.1819	47.1458	0.15677	6	asex
840	46.9916	46.9665	0.16474	6	asex
850	46.7561	46.7102	0.17723	6	asex
860	46.4876	46.4794	0.18922	6	asex
870	46.1127	46.0891	0.20808	6	asex
880	45.9314	45.9163	0.21489	6	asex
890	45.7674	45.7474	0.22304	6	asex
900	45.4613	45.5033	0.2353	6	asex
910	45.1911	45.1817	0.25039	6	asex
920	44.8139	44.7557	0.27061	6	asex
930	44.5737	44.5636	0.27907	6	asex
940	44.3158	44.3008	0.28953	6	asex
950	43.8438	43.7972	0.31263	6	asex
960	43.4941	43.4435	0.3273	6	asex
970	42.9997	42.9771	0.34582	6	asex
980	42.682	42.6512	0.3601	6	asex
990	42.3015	42.2004	0.37801	6	asex
10	49.991	49.9915	0.01206	7	asex
20	49.9905	49.9902	0.01157	7	asex
30	49.9874	49.9877	0.01199	7	asex
40	49.9895	49.9877	0.0119	7	asex
50	49.9785	49.9793	0.0145	7	asex
60	49.9738	49.9756	0.0149	7	asex
70	49.9718	49.9731	0.01398	7	asex
80	49.9654	49.9671	0.01449	7	asex
90	49.9628	49.9645	0.01449	7	asex
100	49.9528	49.9517	0.01578	7	asex
110	49.9578	49.9581	0.01305	7	asex
120	49.9504	49.951	0.01447	7	asex
130	49.944	49.9412	0.01545	7	asex
140	49.9354	49.936	0.01501	7	asex
150	49.9357	49.9391	0.01464	7	asex
160	49.9395	49.9404	0.01471	7	asex
170	49.9329	49.9323	0.0164	7	asex
180	49.9165	49.9181	0.01655	7	asex
190	49.9131	49.9136	0.01614	7	asex
200	49.9004	49.899	0.01723	7	asex
210	49.9043	49.906	0.01531	7	asex
220	49.9003	49.899	0.01729	7	asex
230	49.898	49.9002	0.01825	7	asex
240	49.8838	49.8871	0.01886	7	asex
250	49.8864	49.8893	0.01989	7	asex
260	49.8614	49.8575	0.02313	7	asex
270	49.8585	49.8537	0.02417	7	asex
280	49.8168	49.8094	0.02847	7	asex
290	49.8069	49.8066	0.03037	7	asex
300	49.7697	49.7709	0.03326	7	asex
310	49.765	49.7737	0.03235	7	asex
320	49.7578	49.756	0.03417	7	asex
330	49.7476	49.7457	0.03317	7	asex
340	49.7276	49.7281	0.0336	7	asex
350	49.6971	49.691	0.03657	7	asex
360	49.6705	49.6846	0.03726	7	asex
370	49.661	49.6549	0.03999	7	asex
380	49.6482	49.6461	0.03946	7	asex
390	49.6212	49.6173	0.04138	7	asex
400	49.5929	49.5951	0.04198	7	asex
410	49.6066	49.6094	0.04088	7	asex
420	49.5849	49.5792	0.04345	7	asex
430	49.539	49.539	0.04696	7	asex
440	49.5018	49.5027	0.04934	7	asex
450	49.4603	49.4461	0.05431	7	asex
460	49.3512	49.3534	0.06034	7	asex
470	49.2878	49.2895	0.06549	7	asex
480	49.2564	49.2429	0.06865	7	asex
490	49.243	49.2174	0.06905	7	asex
500	49.1543	49.1476	0.07492	7	asex
510	49.1495	49.1401	0.07428	7	asex
520	49.1213	49.1128	0.0747	7	asex
530	49.0822	49.0903	0.07729	7	asex
540	49.0588	49.0513	0.08034	7	asex
550	48.9843	49.0012	0.08385	7	asex
560	48.9428	48.9485	0.0861	7	asex
570	48.8603	48.8528	0.09231	7	asex
580	48.773	48.7739	0.0973	7	asex
590	48.7318	48.7095	0.10068	7	asex
600	48.6278	48.6379	0.10432	7	asex
610	48.5413	48.541	0.11014	7	asex
620	48.4466	48.426	0.11673	7	asex
630	48.2936	48.2761	0.12514	7	asex
640	48.2088	48.2	0.12769	7	asex
650	48.0511	48.0209	0.13955	7	asex
660	47.8533	47.8308	0.15087	7	asex
670	47.6972	47.7167	0.15691	7	asex
680	47.5751	47.5433	0.16752	7	asex
690	47.4209	47.3657	0.17764	7	asex
700	47.1138	47.1222	0.19077	7	asex
710	46.8049	46.7707	0.21206	7	asex
720	46.5782	46.5804	0.22031	7	asex
730	46.4309	46.4093	0.22755	7	asex
740	46.2949	46.2901	0.23185	7	asex
750	46.0356	46.0267	0.24556	7	asex
760	45.6524	45.6142	0.2667	7	asex
770	45.3411	45.2948	0.28341	7	asex
780	45.035	44.9966	0.29657	7	asex
790	44.7946	44.7723	0.30767	7	asex
800	44.5618	44.5959	0.31411	7	asex
810	44.2419	44.2243	0.33162	7	asex
820	43.7486	43.7148	0.3562	7	asex
830	43.3217	43.2692	0.37587	7	asex
840	42.8427	42.8037	0.39681	7	asex
850	42.3637	42.3441	0.41873	7	asex
860	41.897	41.8712	0.44004	7	asex
870	41.3847	41.3978	0.46026	7	asex
880	40.9528	40.9356	0.48118	7	asex
890	40.3626	40.3641	0.50448	7	asex
900	40.1458	40.1098	0.51163	7	asex
910	39.6433	39.6454	0.52922	7	asex
920	39.1399	39.0848	0.55189	7	asex
930	38.5909	38.5652	0.57294	7	asex
940	38.0462	37.994	0.59346	7	asex
950	37.3555	37.3713	0.61937	7	asex
960	36.8751	36.8075	0.64104	7	asex
970	36.3283	36.3399	0.65783	7	asex
980	35.8756	35.8772	0.67484	7	asex
990	35.3744	35.3053	0.69678	7	asex
10	49.99	49.9912	0.01109	8	asex
20	49.9892	49.9888	0.01224	8	asex
30	49.987	49.9871	0.01115	8	asex
40	49.989	49.9909	0.01069	8	asex
50	49.9868	49.9867	0.00975	8	asex
60	49.9756	49.9765	0.01094	8	asex
70	49.973	49.9711	0.01168	8	asex
80	49.9734	49.9723	0.01086	8	asex
90	49.9724	49.9704	0.01039	8	asex
100	49.9655	49.9678	0.01058	8	asex
110	49.9651	49.9647	0.01206	8	asex
120	49.959	49.9592	0.0124	8	asex
130	49.9624	49.9617	0.01163	8	asex
140	49.9512	49.9503	0.01177	8	asex
150	49.9488	49.947	0.01251	8	asex
160	49.9431	49.9438	0.01234	8	asex
170	49.9387	49.9435	0.01056	8	asex
180	49.9516	49.955	0.00925	8	asex
190	49.9541	49.9536	0.00907	8	asex
200	49.9585	49.9577	0.00832	8	asex
210	49.951	49.9526	0.00801	8	asex
220	49.9519	49.9524	0.00861	8	asex
230	49.9491	49.95	0.00932	8	asex
240	49.937	49.9394	0.0102	8	asex
250	49.9278	49.9283	0.01093	8	asex
260	49.9217	49.9246	0.011	8	asex
270	49.9217	49.922	0.01002	8	asex
280	49.909	49.9121	0.01107	8	asex
290	49.9093	49.9093	0.012	8	asex
300	49.9134	49.9117	0.01096	8	asex
310	49.9043	49.9043	0.01108	8	asex
320	49.9012	49.9046	0.01145	8	asex
330	49.8835	49.8827	0.01227	8	asex
340	49.8598	49.8616	0.01353	8	asex
350	49.8517	49.8526	0.0133	8	asex
360	49.8622	49.8606	0.01256	8	asex
370	49.8496	49.8469	0.01278	8	asex
380	49.8501	49.8473	0.01247	8	asex
390	49.8379	49.8346	0.01309	8	asex
400	49.8267	49.8282	0.01507	8	asex
410	49.8208	49.8144	0.01512	8	asex
420	49.8107	49.8101	0.01476	8	asex
430	49.8132	49.8093	0.01453	8	asex
440	49.7828	49.7887	0.01549	8	asex
450	49.7741	49.7734	0.01548	8	asex
460	49.764	49.7695	0.01549	8	asex
470	49.7768	49.7762	0.01512	8	asex
480	49.7393	49.7301	0.0186	8	asex
490	49.6795	49.68	0.02357	8	asex
500	49.6379	49.6397	0.02663	8	asex
510	49.6236	49.6248	0.02694	8	asex
520	49.5927	49.5882	0.02908	8	asex
530	49.5457	49.5525	0.03128	8	asex
540	49.4967	49.4851	0.03524	8	asex
550	49.4561	49.4533	0.0376	8	asex
560	49.4491	49.4523	0.03766	8	asex
570	49.4449	49.4409	0.03816	8	asex
580	49.3965	49.3989	0.04074	8	asex
590	49.2904	49.2914	0.04734	8	asex
600	49.2275	49.2092	0.05257	8	asex
610	49.2118	49.2102	0.05266	8	asex
620	49.1822	49.164	0.05505	8	asex
630	49.0821	49.0706	0.05992	8	asex
640	48.9827	48.9913	0.06326	8	asex
650	48.9013	48.9076	0.06622	8	asex
660	48.7684	48.758	0.07489	8	asex
670	48.6694	48.6779	0.0798	8	asex
680	48.5125	48.5107	0.08794	8	asex
690	48.3856	48.3651	0.09648	8	asex
700	48.2238	48.2058	0.10504	8	asex
710	48.0805	48.0544	0.1122	8	asex
720	47.8773	47.8662	0.12258	8	asex
730	47.6963	47.6843	0.13135	8	asex
740	47.4173	47.3951	0.14622	8	asex
750	47.2654	47.2686	0.15107	8	asex
760	47.1277	47.0878	0.16052	8	asex
770	46.8465	46.8133	0.17454	8	asex
780	46.6858	46.6593	0.18258	8	asex
790	46.5262	46.5462	0.18696	8	asex
800	46.2933	46.2778	0.19864	8	asex
810	46.051	46.0667	0.20849	8	asex
820	45.9148	45.8835	0.21682	8	asex
830	45.7122	45.6778	0.22747	8	asex
840	45.3264	45.2863	0.24561	8	asex
850	44.7502	44.7353	0.27252	8	asex
860	44.4134	44.395	0.28788	8	asex
870	43.9243	43.9192	0.3095	8	asex
880	43.6968	43.6468	0.31945	8	asex
890	43.2525	43.2172	0.33859	8	asex
900	42.6275	42.5747	0.36754	8	asex
910	41.9847	41.9	0.39696	8	asex
920	41.4934	41.4589	0.4151	8	asex
930	40.9729	40.9612	0.4358	8	asex
940	40.4645	40.4261	0.45856	8	asex
950	40.0263	40.011	0.47519	8	asex
960	39.4308	39.3788	0.5018	8	asex
970	38.9869	38.9972	0.51487	8	asex
980	38.3624	38.2709	0.54476	8	asex
990	37.8291	37.77	0.56437	8	asex
10	49.9971	49.9978	0.01022	9	asex
20	49.9956	49.997	0.01039	9	asex
30	49.9923	49.9922	0.01071	9	asex
40	49.9893	49.9904	0.0119	9	asex
50	49.9851	49.9859	0.01084	9	asex
60	49.983	49.9831	0.00972	9	asex
70	49.9848	49.9859	0.00768	9	asex
80	49.9878	49.9889	0.00741	9	asex
90	49.9871	49.987	0.00705	9	asex
100	49.9865	49.9885	0.0064	9	asex
110	49.9862	49.9879	0.00534	9	asex
120	49.9854	49.9856	0.00527	9	asex
130	49.9907	49.9915	0.00566	9	asex
140	49.9845	49.9858	0.00604	9	asex
150	49.9807	49.9843	0.00607	9	asex
160	49.9765	49.9763	0.00658	9	asex
170	49.9649	49.9666	0.00695	9	asex
180	49.9607	49.9627	0.00696	9	asex
190	49.9635	49.9665	0.00601	9	asex
200	49.9672	49.9678	0.00478	9	asex
210	49.9639	49.9636	0.00555	9	asex
220	49.9516	49.9516	0.00657	9	asex
230	49.9442	49.9471	0.00632	9	asex
240	49.9421	49.9432	0.0063	9	asex
250	49.9382	49.9357	0.00616	9	asex
260	49.9342	49.9367	0.00614	9	asex
270	49.9339	49.9368	0.00573	9	asex
280	49.9359	49.9334	0.00639	9	asex
290	49.9416	49.9369	0.00606	9	asex
300	49.9287	49.9302	0.00654	9	asex
310	49.9273	49.9282	0.00616	9	asex
320	49.9308	49.9312	0.00624	9	asex
330	49.9327	49.9382	0.00587	9	asex
340	49.935	49.9256	0.00739	9	asex
350	49.9222	49.9237	0.00687	9	asex
360	49.9096	49.9142	0.0074	9	asex
370	49.9096	49.9127	0.00788	9	asex
380	49.9027	49.897	0.00882	9	asex
390	49.9334	49.9307	0.00602	9	asex
400	49.904	49.905	0.00754	9	asex
410	49.8982	49.8987	0.00811	9	asex
420	49.8961	49.8939	0.00795	9	asex
430	49.8872	49.8774	0.00867	9	asex
440	49.8507	49.846	0.01069	9	asex
450	49.8419	49.8458	0.01072	9	asex
460	49.8189	49.8142	0.01221	9	asex
470	49.8101	49.813	0.01103	9	asex
480	49.8132	49.8172	0.01072	9	asex
490	49.7839	49.7848	0.01337	9	asex
500	49.7585	49.7609	0.01494	9	asex
510	49.746	49.7564	0.0148	9	asex
520	49.7327	49.725	0.0167	9	asex
530	49.7003	49.7005	0.01742	9	asex
540	49.6858	49.6942	0.01837	9	asex
550	49.6638	49.6585	0.01999	9	asex
560	49.6183	49.6131	0.02165	9	asex
570	49.5718	49.5665	0.02428	9	asex
580	49.5393	49.5386	0.02558	9	asex
590	49.529	49.5386	0.02569	9	asex
600	49.5046	49.4999	0.02688	9	asex
610	49.434	49.4386	0.03026	9	asex
620	49.3341	49.3263	0.03589	9	asex
630	49.2486	49.2283	0.04142	9	asex
640	49.2333	49.23	0.04128	9	asex
650	49.1737	49.1519	0.0451	9	asex
660	49.0735	49.074	0.04844	9	asex
670	49.0075	48.9966	0.05202	9	asex
680	48.9148	48.9058	0.05728	9	asex
690	48.8057	48.8057	0.06254	9	asex
700	48.7357	48.7267	0.06603	9	asex
710	48.5985	48.5824	0.07218	9	asex
720	48.5098	48.4943	0.07649	9	asex
730	48.4329	48.4431	0.07875	9	asex
740	48.3459	48.3071	0.08493	9	asex
750	48.1289	48.1071	0.0929	9	asex
760	47.9836	47.972	0.09848	9	asex
770	47.699	47.7088	0.11116	9	asex
780	47.4843	47.4777	0.12017	9	asex
790	47.3066	47.3053	0.12815	9	asex
800	46.9924	46.9742	0.14216	9	asex
810	46.7387	46.7236	0.15401	9	asex
820	46.4064	46.36	0.17005	9	asex
830	46.0571	46.0206	0.1827	9	asex
840	45.597	45.5469	0.20422	9	asex
850	45.1721	45.1667	0.21816	9	asex
860	44.6634	44.5994	0.24232	9	asex
870	44.1662	44.099	0.26392	9	asex
880	43.7375	43.6964	0.28071	9	asex
890	43.0901	43.0228	0.30692	9	asex
900	42.5701	42.5357	0.32585	9	asex
910	42.1218	42.0601	0.34095	9	asex
920	41.6541	41.5598	0.36099	9	asex
930	40.9003	40.8455	0.38647	9	asex
940	40.3911	40.3337	0.40433	9	asex
950	39.6592	39.5798	0.43097	9	asex
960	38.7366	38.6888	0.46257	9	asex
970	37.8163	37.7452	0.49529	9	asex
980	37.0044	36.8501	0.5269	9	asex
990	36.2074	36.1119	0.55136	9	asex
10	49.9897	49.9912	0.00919	10	asex
20	49.9836	49.9836	0.00817	10	asex
30	49.9787	49.9789	0.00831	10	asex
40	49.9792	49.9784	0.00863	10	asex
50	49.9659	49.9675	0.00928	10	asex
60	49.9659	49.9667	0.00967	10	asex
70	49.9668	49.9663	0.00922	10	asex
80	49.9696	49.9706	0.00853	10	asex
90	49.9625	49.9619	0.01083	10	asex
100	49.9557	49.9548	0.01254	10	asex
110	49.9558	49.9538	0.01171	10	asex
120	49.9526	49.9506	0.01088	10	asex
130	49.9493	49.9489	0.01156	10	asex
140	49.9417	49.9394	0.01217	10	asex
150	49.9276	49.9278	0.01353	10	asex
160	49.919	49.9187	0.01499	10	asex
170	49.911	49.9091	0.01609	10	asex
180	49.9058	49.9007	0.01695	10	asex
190	49.9069	49.906	0.01645	10	asex
200	49.8981	49.9002	0.01717	10	asex
210	49.887	49.887	0.0174	10	asex
220	49.8902	49.8946	0.01531	10	asex
230	49.8902	49.8915	0.01413	10	asex
240	49.868	49.8649	0.0165	10	asex
250	49.8501	49.8475	0.01707	10	asex
260	49.8421	49.8413	0.01725	10	asex
270	49.8278	49.8279	0.01806	10	asex
280	49.817	49.8152	0.01895	10	asex
290	49.808	49.811	0.0186	10	asex
300	49.793	49.7863	0.01991	10	asex
310	49.7729	49.7727	0.01958	10	asex
320	49.7625	49.7658	0.01986	10	asex
330	49.7643	49.7649	0.01861	10	asex
340	49.7739	49.7787	0.01593	10	asex
350	49.7667	49.7709	0.01625	10	asex
360	49.7381	49.742	0.01797	10	asex
370	49.7267	49.7268	0.01815	10	asex
380	49.7152	49.7136	0.01936	10	asex
390	49.7156	49.7116	0.01895	10	asex
400	49.6676	49.6626	0.023	10	asex
410	49.6351	49.634	0.02585	10	asex
420	49.5942	49.5875	0.02864	10	asex
430	49.5589	49.5557	0.03137	10	asex
440	49.5182	49.5138	0.03396	10	asex
450	49.474	49.4658	0.03754	10	asex
460	49.4582	49.4513	0.03906	10	asex
470	49.3883	49.3794	0.04391	10	asex
480	49.3094	49.2932	0.04894	10	asex
490	49.28	49.2692	0.05014	10	asex
500	49.2178	49.2097	0.05496	10	asex
510	49.1745	49.1525	0.05891	10	asex
520	49.1408	49.1369	0.05894	10	asex
530	49.0979	49.0819	0.06131	10	asex
540	49.0819	49.0695	0.06266	10	asex
550	49.065	49.0463	0.06402	10	asex
560	48.9368	48.9377	0.07123	10	asex
570	48.8697	48.8719	0.07555	10	asex
580	48.7918	48.8024	0.07988	10	asex
590	48.7679	48.7423	0.08389	10	asex
600	48.6255	48.6076	0.09237	10	asex
610	48.484	48.4796	0.09895	10	asex
620	48.4329	48.4336	0.1005	10	asex
630	48.3232	48.3186	0.10718	10	asex
640	48.2443	48.2355	0.11214	10	asex
650	48.1096	48.0848	0.12054	10	asex
660	48.0313	48.0276	0.12237	10	asex
670	47.8959	47.8711	0.12871	10	asex
680	47.6152	47.5737	0.14574	10	asex
690	47.4598	47.446	0.15248	10	asex
700	47.3537	47.3014	0.15901	10	asex
710	47.0728	47.0894	0.16885	10	asex
720	46.9302	46.9088	0.17559	10	asex
730	46.7167	46.7101	0.18518	10	asex
740	46.4822	46.4598	0.19728	10	asex
750	46.2002	46.1837	0.21091	10	asex
760	45.7832	45.769	0.23143	10	asex
770	45.5642	45.5123	0.24315	10	asex
780	45.3385	45.3018	0.25303	10	asex
790	44.974	44.9085	0.27298	10	asex
800	44.5863	44.5508	0.28912	10	asex
810	44.0755	44.0554	0.31322	10	asex
820	43.7884	43.7736	0.32407	10	asex
830	43.3456	43.3344	0.34382	10	asex
840	42.9702	42.9598	0.36092	10	asex
850	42.5792	42.5497	0.38004	10	asex
860	41.9342	41.9399	0.40806	10	asex
870	41.476	41.3778	0.43289	10	asex
880	40.8463	40.7925	0.45753	10	asex
890	40.3391	40.3274	0.47859	10	asex
900	39.7966	39.7652	0.50189	10	asex
910	39.2558	39.2186	0.52318	10	asex
920	38.8064	38.772	0.54073	10	asex
930	38.2835	38.2108	0.56346	10	asex
940	37.6067	37.5587	0.58894	10	asex
950	37.1878	37.1314	0.60295	10	asex
960	36.6645	36.5917	0.62251	10	asex
970	36.1461	36.0894	0.64138	10	asex
980	35.4675	35.4315	0.66713	10	asex
990	35.0087	34.9639	0.67992	10	asex
10	49.9915	49.9923	0.01009	1	sex
20	49.9881	49.9878	0.01186	1	sex
30	49.9847	49.9851	0.01106	1	sex
40	49.9804	49.9819	0.01278	1	sex
50	49.9769	49.9791	0.01229	1	sex
60	49.9775	49.9783	0.01172	1	sex
70	49.9747	49.9744	0.01176	1	sex
80	49.9657	49.966	0.01427	1	sex
90	49.9623	49.9633	0.01556	1	sex
100	49.9542	49.954	0.01587	1	sex
110	49.9485	49.9496	0.01603	1	sex
120	49.9462	49.9474	0.01545	1	sex
130	49.9386	49.9393	0.01677	1	sex
140	49.9428	49.942	0.01819	1	sex
150	49.9383	49.9365	0.01701	1	sex
160	49.9376	49.936	0.01563	1	sex
170	49.9179	49.9184	0.01579	1	sex
180	49.9038	49.9061	0.01591	1	sex
190	49.9072	49.9099	0.01709	1	sex
200	49.9079	49.9045	0.0177	1	sex
210	49.9055	49.9072	0.01675	1	sex
220	49.895	49.8948	0.01873	1	sex
230	49.886	49.8882	0.0196	1	sex
240	49.8621	49.8585	0.02085	1	sex
250	49.8591	49.8593	0.02011	1	sex
260	49.8368	49.8391	0.02305	1	sex
270	49.835	49.8387	0.02179	1	sex
280	49.8369	49.8368	0.02034	1	sex
290	49.8175	49.814	0.02373	1	sex
300	49.7866	49.7844	0.02746	1	sex
310	49.7565	49.7582	0.02753	1	sex
320	49.7334	49.7354	0.02988	1	sex
330	49.7097	49.7109	0.03043	1	sex
340	49.7038	49.7027	0.03246	1	sex
350	49.6924	49.6879	0.03571	1	sex
360	49.6576	49.6569	0.0377	1	sex
370	49.6299	49.637	0.03717	1	sex
380	49.6249	49.6206	0.03689	1	sex
390	49.5968	49.5895	0.03666	1	sex
400	49.5813	49.5758	0.03602	1	sex
410	49.5628	49.5617	0.03486	1	sex
420	49.5671	49.565	0.03569	1	sex
430	49.5248	49.5357	0.04037	1	sex
440	49.5426	49.5479	0.04152	1	sex
450	49.5127	49.5072	0.0437	1	sex
460	49.4685	49.4638	0.04285	1	sex
470	49.4805	49.4804	0.04453	1	sex
480	49.4497	49.4518	0.04663	1	sex
490	49.4217	49.4205	0.04787	1	sex
500	49.395	49.3974	0.05361	1	sex
510	49.3562	49.3514	0.05754	1	sex
520	49.3367	49.334	0.05628	1	sex
530	49.274	49.2711	0.06203	1	sex
540	49.2329	49.2264	0.06601	1	sex
550	49.1936	49.1968	0.06478	1	sex
560	49.1686	49.1711	0.06495	1	sex
570	49.117	49.1226	0.06282	1	sex
580	49.0884	49.091	0.06206	1	sex
590	49.0827	49.0669	0.06118	1	sex
600	49.0555	49.0569	0.05831	1	sex
610	49.0348	49.0232	0.05975	1	sex
620	48.985	48.9796	0.06067	1	sex
630	48.9581	48.9553	0.06129	1	sex
640	48.936	48.9263	0.06164	1	sex
650	48.8961	48.8906	0.05925	1	sex
660	48.8659	48.8584	0.06103	1	sex
670	48.8208	48.8174	0.06166	1	sex
680	48.8134	48.8169	0.06179	1	sex
690	48.7375	48.7278	0.06158	1	sex
700	48.7131	48.7128	0.06131	1	sex
710	48.6855	48.6927	0.06321	1	sex
720	48.6716	48.668	0.06233	1	sex
730	48.6253	48.6232	0.0651	1	sex
740	48.6111	48.6057	0.06524	1	sex
750	48.5589	48.5687	0.06689	1	sex
760	48.5344	48.5377	0.07063	1	sex
770	48.5226	48.5212	0.07325	1	sex
780	48.4881	48.4842	0.07378	1	sex
790	48.4572	48.4592	0.0747	1	sex
800	48.4209	48.4314	0.07574	1	sex
810	48.3788	48.376	0.07948	1	sex
820	48.3126	48.3151	0.07961	1	sex
830	48.2979	48.3047	0.08019	1	sex
840	48.2398	48.243	0.08268	1	sex
850	48.1651	48.1631	0.08338	1	sex
860	48.1028	48.1037	0.08524	1	sex
870	48.0685	48.0615	0.08388	1	sex
880	48.0203	48.0284	0.08499	1	sex
890	47.9578	47.9614	0.08968	1	sex
900	47.8984	47.8893	0.09143	1	sex
910	47.8037	47.7987	0.09137	1	sex
920	47.7533	47.7549	0.09369	1	sex
930	47.7036	47.7056	0.0957	1	sex
940	47.6261	47.6084	0.10095	1	sex
950	47.5989	47.5963	0.10296	1	sex
960	47.5429	47.5477	0.10072	1	sex
970	47.5041	47.5112	0.0992	1	sex
980	47.4837	47.4774	0.0989	1	sex
990	47.4309	47.4225	0.09844	1	sex
10	49.9909	49.9914	0.00981	2	sex
20	49.9868	49.9882	0.00989	2	sex
30	49.9841	49.9845	0.01001	2	sex
40	49.9819	49.9837	0.01023	2	sex
50	49.9821	49.9821	0.00918	2	sex
60	49.9808	49.9794	0.0079	2	sex
70	49.9753	49.9768	0.00706	2	sex
80	49.9742	49.9743	0.00666	2	sex
90	49.971	49.9708	0.00715	2	sex
100	49.9694	49.9723	0.00713	2	sex
110	49.9743	49.9763	0.00655	2	sex
120	49.9715	49.9703	0.00715	2	sex
130	49.9697	49.9676	0.0071	2	sex
140	49.963	49.9603	0.00795	2	sex
150	49.9616	49.9622	0.00818	2	sex
160	49.9523	49.9538	0.00819	2	sex
170	49.9548	49.9546	0.00777	2	sex
180	49.9517	49.9533	0.00769	2	sex
190	49.9575	49.9612	0.00782	2	sex
200	49.9596	49.9602	0.00899	2	sex
210	49.9506	49.9515	0.01043	2	sex
220	49.9409	49.9414	0.01161	2	sex
230	49.9385	49.9413	0.01169	2	sex
240	49.9243	49.9252	0.01339	2	sex
250	49.9183	49.9169	0.01338	2	sex
260	49.9087	49.908	0.01402	2	sex
270	49.9139	49.9162	0.01222	2	sex
280	49.9134	49.9133	0.0118	2	sex
290	49.9226	49.9235	0.01021	2	sex
300	49.9277	49.9284	0.00844	2	sex
310	49.9158	49.9137	0.00864	2	sex
320	49.915	49.9153	0.0078	2	sex
330	49.9096	49.9078	0.00823	2	sex
340	49.8981	49.8963	0.00864	2	sex
350	49.8905	49.8903	0.00764	2	sex
360	49.8725	49.8706	0.0077	2	sex
370	49.8609	49.8593	0.0076	2	sex
380	49.8491	49.8495	0.00723	2	sex
390	49.8343	49.8334	0.00818	2	sex
400	49.8165	49.8191	0.00895	2	sex
410	49.8223	49.8233	0.00885	2	sex
420	49.83	49.8278	0.00818	2	sex
430	49.8173	49.8188	0.00776	2	sex
440	49.8099	49.8078	0.00806	2	sex
450	49.7899	49.7889	0.0091	2	sex
460	49.7835	49.7824	0.0087	2	sex
470	49.7756	49.7702	0.00899	2	sex
480	49.7765	49.7786	0.00865	2	sex
490	49.7681	49.7675	0.00908	2	sex
500	49.7525	49.7515	0.00879	2	sex
510	49.7525	49.7478	0.00883	2	sex
520	49.7398	49.7445	0.00736	2	sex
530	49.7556	49.7575	0.00732	2	sex
540	49.7596	49.7574	0.00719	2	sex
550	49.7442	49.7409	0.00798	2	sex
560	49.743	49.7413	0.00844	2	sex
570	49.7397	49.7408	0.00655	2	sex
580	49.7288	49.7276	0.00663	2	sex
590	49.7338	49.7365	0.00621	2	sex
600	49.7262	49.7262	0.00543	2	sex
610	49.7308	49.7373	0.00577	2	sex
620	49.7214	49.7222	0.00742	2	sex
630	49.7214	49.7236	0.00627	2	sex
640	49.7157	49.7147	0.00559	2	sex
650	49.7096	49.71	0.00529	2	sex
660	49.7071	49.707	0.00489	2	sex
670	49.7089	49.7069	0.00512	2	sex
680	49.6953	49.7021	0.0051	2	sex
690	49.6965	49.6945	0.00541	2	sex
700	49.6881	49.6901	0.00529	2	sex
710	49.6781	49.6828	0.00588	2	sex
720	49.6574	49.658	0.00643	2	sex
730	49.6627	49.6656	0.00752	2	sex
740	49.6658	49.6638	0.00836	2	sex
750	49.6626	49.6642	0.00954	2	sex
760	49.6661	49.6634	0.00884	2	sex
770	49.6513	49.651	0.01237	2	sex
780	49.6544	49.6568	0.01042	2	sex
790	49.6287	49.6363	0.01137	2	sex
800	49.6334	49.6349	0.01041	2	sex
810	49.6327	49.6274	0.00995	2	sex
820	49.6063	49.6074	0.01135	2	sex
830	49.5916	49.5946	0.01171	2	sex
840	49.5664	49.5737	0.01259	2	sex
850	49.5733	49.5684	0.01222	2	sex
860	49.5471	49.551	0.01404	2	sex
870	49.5378	49.5388	0.01559	2	sex
880	49.5283	49.532	0.01511	2	sex
890	49.5256	49.5191	0.01478	2	sex
900	49.5063	49.4999	0.01583	2	sex
910	49.5058	49.5111	0.01383	2	sex
920	49.4838	49.4855	0.01289	2	sex
930	49.4884	49.4852	0.01122	2	sex
940	49.4689	49.4661	0.013	2	sex
950	49.4469	49.445	0.01353	2	sex
960	49.4145	49.4171	0.01414	2	sex
970	49.3862	49.3799	0.01662	2	sex
980	49.3664	49.3626	0.01684	2	sex
990	49.3348	49.3358	0.01967	2	sex
10	49.9924	49.9921	0.01227	3	sex
20	49.9845	49.9859	0.0129	3	sex
30	49.9811	49.9825	0.01244	3	sex
40	49.9831	49.9844	0.01055	3	sex
50	49.9859	49.9868	0.00865	3	sex
60	49.984	49.9848	0.0084	3	sex
70	49.9777	49.9771	0.00828	3	sex
80	49.9664	49.9693	0.00898	3	sex
90	49.9675	49.9678	0.00917	3	sex
100	49.9575	49.9584	0.01014	3	sex
110	49.9492	49.9466	0.00955	3	sex
120	49.9399	49.9427	0.00893	3	sex
130	49.9398	49.9378	0.00799	3	sex
140	49.933	49.9355	0.00806	3	sex
150	49.9362	49.9361	0.00737	3	sex
160	49.9318	49.9304	0.00739	3	sex
170	49.9271	49.9246	0.00843	3	sex
180	49.9252	49.9236	0.0099	3	sex
190	49.9207	49.9208	0.00939	3	sex
200	49.9145	49.9163	0.0095	3	sex
210	49.9151	49.9158	0.00905	3	sex
220	49.9147	49.9162	0.00906	3	sex
230	49.8939	49.8897	0.01009	3	sex
240	49.8841	49.8834	0.00999	3	sex
250	49.8762	49.8771	0.00861	3	sex
260	49.8788	49.8785	0.00958	3	sex
270	49.8818	49.8834	0.0084	3	sex
280	49.882	49.8815	0.00907	3	sex
290	49.8674	49.8654	0.00847	3	sex
300	49.8505	49.8546	0.01	3	sex
310	49.8466	49.8474	0.00992	3	sex
320	49.8464	49.8463	0.00917	3	sex
330	49.8414	49.8451	0.00964	3	sex
340	49.8339	49.8416	0.01007	3	sex
350	49.8406	49.8415	0.00949	3	sex
360	49.8338	49.8339	0.00894	3	sex
370	49.8222	49.8229	0.01063	3	sex
380	49.8145	49.8136	0.00955	3	sex
390	49.8204	49.821	0.01087	3	sex
400	49.7939	49.7905	0.01326	3	sex
410	49.7726	49.7752	0.0132	3	sex
420	49.7693	49.7701	0.01264	3	sex
430	49.7677	49.7653	0.01064	3	sex
440	49.7545	49.7577	0.00968	3	sex
450	49.7658	49.7662	0.00952	3	sex
460	49.7632	49.7667	0.01038	3	sex
470	49.7683	49.7684	0.00943	3	sex
480	49.771	49.7756	0.00865	3	sex
490	49.7755	49.7769	0.00909	3	sex
500	49.7723	49.7718	0.00876	3	sex
510	49.7577	49.757	0.00749	3	sex
520	49.7421	49.7421	0.00704	3	sex
530	49.7434	49.7463	0.00694	3	sex
540	49.7367	49.7398	0.00868	3	sex
550	49.7208	49.7177	0.01036	3	sex
560	49.7068	49.7061	0.01311	3	sex
570	49.7024	49.706	0.01064	3	sex
580	49.6899	49.6902	0.01199	3	sex
590	49.685	49.6866	0.01314	3	sex
600	49.6849	49.6857	0.01304	3	sex
610	49.6803	49.6825	0.01462	3	sex
620	49.6827	49.684	0.01399	3	sex
630	49.6816	49.6799	0.01357	3	sex
640	49.6718	49.6705	0.01354	3	sex
650	49.6685	49.6695	0.01414	3	sex
660	49.6603	49.663	0.01506	3	sex
670	49.6736	49.6758	0.01557	3	sex
680	49.6528	49.6546	0.01462	3	sex
690	49.6505	49.6453	0.01428	3	sex
700	49.6397	49.6372	0.01379	3	sex
710	49.6301	49.6341	0.01249	3	sex
720	49.6217	49.6206	0.01377	3	sex
730	49.6099	49.6112	0.01461	3	sex
740	49.5969	49.5983	0.01426	3	sex
750	49.5882	49.5857	0.01317	3	sex
760	49.5739	49.5702	0.01469	3	sex
770	49.5435	49.5431	0.01499	3	sex
780	49.517	49.5112	0.0152	3	sex
790	49.4972	49.502	0.01464	3	sex
800	49.5097	49.5117	0.01491	3	sex
810	49.5054	49.5064	0.01642	3	sex
820	49.5165	49.5164	0.01724	3	sex
830	49.49	49.4919	0.01923	3	sex
840	49.5162	49.5148	0.01981	3	sex
850	49.4938	49.4952	0.02185	3	sex
860	49.4907	49.4941	0.02072	3	sex
870	49.4878	49.4832	0.0204	3	sex
880	49.4628	49.462	0.02349	3	sex
890	49.4522	49.4483	0.02361	3	sex
900	49.4327	49.4285	0.02301	3	sex
910	49.4211	49.4143	0.02274	3	sex
920	49.408	49.4098	0.02139	3	sex
930	49.4008	49.3982	0.02183	3	sex
940	49.3808	49.3832	0.02188	3	sex
950	49.3707	49.3686	0.02107	3	sex
960	49.3346	49.3364	0.02089	3	sex
970	49.3245	49.3211	0.02116	3	sex
980	49.2889	49.2899	0.0225	3	sex
990	49.2848	49.2912	0.02358	3	sex
10	49.9925	49.9932	0.01123	4	sex
20	49.9909	49.9919	0.01126	4	sex
30	49.9881	49.9882	0.01159	4	sex
40	49.9879	49.9876	0.01258	4	sex
50	49.9818	49.984	0.01317	4	sex
60	49.9829	49.9848	0.0109	4	sex
70	49.9824	49.983	0.00977	4	sex
80	49.971	49.9714	0.01115	4	sex
90	49.9672	49.9688	0.00994	4	sex
100	49.9728	49.9716	0.00998	4	sex
110	49.9691	49.9693	0.0101	4	sex
120	49.9639	49.9655	0.00945	4	sex
130	49.963	49.9629	0.01069	4	sex
140	49.9607	49.9613	0.00994	4	sex
150	49.9534	49.9512	0.01126	4	sex
160	49.9466	49.9471	0.01073	4	sex
170	49.9344	49.9351	0.01186	4	sex
180	49.9244	49.9233	0.01163	4	sex
190	49.9217	49.9203	0.01178	4	sex
200	49.9063	49.9059	0.0135	4	sex
210	49.8904	49.8896	0.01394	4	sex
220	49.8891	49.8912	0.01199	4	sex
230	49.8912	49.8882	0.01161	4	sex
240	49.8813	49.8828	0.011	4	sex
250	49.8747	49.8722	0.01135	4	sex
260	49.8765	49.8756	0.01103	4	sex
270	49.8612	49.8666	0.01198	4	sex
280	49.8574	49.8538	0.01323	4	sex
290	49.8456	49.845	0.01397	4	sex
300	49.8457	49.8476	0.01284	4	sex
310	49.8437	49.8455	0.01144	4	sex
320	49.8317	49.8335	0.01357	4	sex
330	49.8195	49.8211	0.01376	4	sex
340	49.8185	49.8203	0.01477	4	sex
350	49.8077	49.8036	0.01577	4	sex
360	49.7901	49.7866	0.01692	4	sex
370	49.7791	49.7812	0.01607	4	sex
380	49.7688	49.7688	0.01758	4	sex
390	49.7566	49.7574	0.01997	4	sex
400	49.7585	49.7582	0.02078	4	sex
410	49.7316	49.7319	0.02411	4	sex
420	49.7153	49.7159	0.02507	4	sex
430	49.7024	49.7038	0.02501	4	sex
440	49.674	49.6758	0.02669	4	sex
450	49.6695	49.667	0.02752	4	sex
460	49.6413	49.6405	0.0274	4	sex
470	49.6266	49.6299	0.02852	4	sex
480	49.6192	49.6176	0.03009	4	sex
490	49.5877	49.5835	0.03266	4	sex
500	49.5561	49.5585	0.0342	4	sex
510	49.5174	49.5132	0.03886	4	sex
520	49.4906	49.4878	0.03655	4	sex
530	49.4865	49.4858	0.03613	4	sex
540	49.4712	49.4698	0.03594	4	sex
550	49.448	49.4407	0.03625	4	sex
560	49.433	49.439	0.03597	4	sex
570	49.4328	49.4292	0.03487	4	sex
580	49.4018	49.4023	0.03583	4	sex
590	49.3694	49.373	0.03498	4	sex
600	49.3568	49.363	0.03395	4	sex
610	49.3689	49.3744	0.03094	4	sex
620	49.3271	49.3289	0.0345	4	sex
630	49.3253	49.3201	0.03035	4	sex
640	49.2973	49.2892	0.03256	4	sex
650	49.2736	49.268	0.0312	4	sex
660	49.2157	49.2164	0.03333	4	sex
670	49.2077	49.1962	0.03299	4	sex
680	49.1689	49.1621	0.03044	4	sex
690	49.1485	49.1484	0.03117	4	sex
700	49.1367	49.1345	0.03178	4	sex
710	49.137	49.1351	0.03017	4	sex
720	49.1052	49.1046	0.02813	4	sex
730	49.0597	49.058	0.03231	4	sex
740	49.0396	49.0329	0.03231	4	sex
750	49.0299	49.0241	0.03365	4	sex
760	48.9701	48.9742	0.03264	4	sex
770	48.9972	48.9937	0.03153	4	sex
780	48.9645	48.9641	0.03244	4	sex
790	48.9483	48.9444	0.03606	4	sex
800	48.9415	48.9475	0.03718	4	sex
810	48.9376	48.9388	0.03809	4	sex
820	48.9073	48.9068	0.0401	4	sex
830	48.879	48.8849	0.04066	4	sex
840	48.8628	48.8579	0.04254	4	sex
850	48.8423	48.8389	0.04506	4	sex
860	48.843	48.8408	0.04612	4	sex
870	48.8314	48.833	0.04557	4	sex
880	48.8049	48.8047	0.04491	4	sex
890	48.7752	48.7818	0.04417	4	sex
900	48.7598	48.7622	0.04817	4	sex
910	48.7374	48.7381	0.04961	4	sex
920	48.7265	48.7308	0.05138	4	sex
930	48.6971	48.6926	0.05207	4	sex
940	48.6553	48.6544	0.05698	4	sex
950	48.6144	48.6165	0.05837	4	sex
960	48.5951	48.5975	0.06049	4	sex
970	48.5632	48.5601	0.0598	4	sex
980	48.5138	48.5122	0.06408	4	sex
990	48.4788	48.4833	0.06467	4	sex
10	49.9966	49.9967	0.01003	5	sex
20	49.9913	49.9911	0.01097	5	sex
30	49.9826	49.9824	0.0137	5	sex
40	49.9718	49.9725	0.0162	5	sex
50	49.9615	49.9619	0.01921	5	sex
60	49.952	49.952	0.019	5	sex
70	49.9473	49.9475	0.01762	5	sex
80	49.9376	49.9383	0.01718	5	sex
90	49.9325	49.9324	0.01711	5	sex
100	49.9239	49.9251	0.01742	5	sex
110	49.9226	49.924	0.01598	5	sex
120	49.9277	49.9274	0.01623	5	sex
130	49.9249	49.9271	0.01576	5	sex
140	49.9233	49.9262	0.01656	5	sex
150	49.9158	49.9163	0.01742	5	sex
160	49.9035	49.9049	0.01917	5	sex
170	49.8868	49.8905	0.01987	5	sex
180	49.8727	49.8719	0.01999	5	sex
190	49.8546	49.8571	0.01938	5	sex
200	49.8533	49.8541	0.01778	5	sex
210	49.8485	49.8517	0.01599	5	sex
220	49.8421	49.8377	0.01641	5	sex
230	49.8198	49.8219	0.01692	5	sex
240	49.8097	49.8092	0.0175	5	sex
250	49.8066	49.8061	0.01763	5	sex
260	49.7985	49.7975	0.017	5	sex
270	49.8023	49.8049	0.01683	5	sex
280	49.8028	49.8003	0.01929	5	sex
290	49.7903	49.7894	0.01927	5	sex
300	49.7827	49.7869	0.0185	5	sex
310	49.7712	49.7736	0.018	5	sex
320	49.7778	49.7728	0.0179	5	sex
330	49.7799	49.7835	0.01733	5	sex
340	49.7846	49.7877	0.01788	5	sex
350	49.783	49.7874	0.01743	5	sex
360	49.7808	49.7766	0.01812	5	sex
370	49.7661	49.7686	0.01797	5	sex
380	49.7595	49.7608	0.01909	5	sex
390	49.7559	49.7534	0.01982	5	sex
400	49.7382	49.746	0.02011	5	sex
410	49.7503	49.7551	0.01875	5	sex
420	49.7365	49.7409	0.0191	5	sex
430	49.7319	49.7301	0.01957	5	sex
440	49.7066	49.7046	0.02058	5	sex
450	49.6938	49.6944	0.02071	5	sex
460	49.6782	49.6778	0.02141	5	sex
470	49.6853	49.6923	0.01918	5	sex
480	49.6918	49.6888	0.01797	5	sex
490	49.7	49.6974	0.01768	5	sex
500	49.689	49.6909	0.01818	5	sex
510	49.6872	49.6905	0.01785	5	sex
520	49.6605	49.6609	0.02131	5	sex
530	49.6526	49.6516	0.02094	5	sex
540	49.6402	49.6418	0.01961	5	sex
550	49.6355	49.6335	0.02178	5	sex
560	49.6256	49.6295	0.02045	5	sex
570	49.6183	49.6128	0.02193	5	sex
580	49.5995	49.596	0.02257	5	sex
590	49.5565	49.5622	0.02392	5	sex
600	49.5529	49.5527	0.02682	5	sex
610	49.5366	49.5411	0.02723	5	sex
620	49.5252	49.5237	0.02962	5	sex
630	49.5328	49.5296	0.02602	5	sex
640	49.522	49.5215	0.02635	5	sex
650	49.5025	49.4943	0.02662	5	sex
660	49.4954	49.4986	0.02687	5	sex
670	49.5039	49.5046	0.02398	5	sex
680	49.4978	49.4935	0.02472	5	sex
690	49.4874	49.4923	0.0242	5	sex
700	49.4626	49.455	0.02662	5	sex
710	49.4368	49.4308	0.02893	5	sex
720	49.3943	49.391	0.03062	5	sex
730	49.3788	49.3815	0.02987	5	sex
740	49.3754	49.37	0.03105	5	sex
750	49.3568	49.3549	0.03285	5	sex
760	49.3349	49.3298	0.0318	5	sex
770	49.3002	49.3012	0.03166	5	sex
780	49.2834	49.2774	0.03207	5	sex
790	49.2665	49.2723	0.0314	5	sex
800	49.2696	49.2718	0.03042	5	sex
810	49.2596	49.2585	0.03108	5	sex
820	49.2455	49.2369	0.02963	5	sex
830	49.2338	49.2391	0.02733	5	sex
840	49.2142	49.2036	0.02753	5	sex
850	49.194	49.1966	0.0287	5	sex
860	49.1658	49.1568	0.03364	5	sex
870	49.1554	49.1559	0.03298	5	sex
880	49.131	49.1141	0.03424	5	sex
890	49.1139	49.1126	0.03245	5	sex
900	49.1484	49.162	0.02943	5	sex
910	49.1618	49.1681	0.02663	5	sex
920	49.153	49.1463	0.02663	5	sex
930	49.1424	49.14	0.02883	5	sex
940	49.1263	49.1258	0.0301	5	sex
950	49.1075	49.1069	0.03064	5	sex
960	49.0999	49.1031	0.03055	5	sex
970	49.1037	49.1081	0.02997	5	sex
980	49.0811	49.0808	0.02975	5	sex
990	49.0378	49.043	0.03109	5	sex
10	49.9892	49.9893	0.01112	6	sex
20	49.9873	49.9878	0.01065	6	sex
30	49.981	49.9814	0.01037	6	sex
40	49.983	49.9842	0.00874	6	sex
50	49.9809	49.9807	0.00923	6	sex
60	49.9708	49.9737	0.00921	6	sex
70	49.9719	49.9732	0.0085	6	sex
80	49.9747	49.9732	0.00879	6	sex
90	49.977	49.9761	0.00916	6	sex
100	49.9704	49.9693	0.01131	6	sex
110	49.9703	49.9709	0.01081	6	sex
120	49.965	49.9661	0.01195	6	sex
130	49.9644	49.9635	0.01126	6	sex
140	49.9616	49.9609	0.00993	6	sex
150	49.9574	49.9565	0.00955	6	sex
160	49.9511	49.9503	0.00875	6	sex
170	49.9472	49.9467	0.00946	6	sex
180	49.9503	49.951	0.00757	6	sex
190	49.9548	49.9562	0.00648	6	sex
200	49.9552	49.9577	0.00676	6	sex
210	49.9531	49.952	0.00652	6	sex
220	49.9519	49.9495	0.00554	6	sex
230	49.9541	49.9535	0.00506	6	sex
240	49.9557	49.9551	0.00552	6	sex
250	49.952	49.9539	0.00524	6	sex
260	49.9508	49.9501	0.00653	6	sex
270	49.9448	49.9431	0.00689	6	sex
280	49.9407	49.9433	0.00596	6	sex
290	49.94	49.9407	0.00585	6	sex
300	49.9405	49.9408	0.00492	6	sex
310	49.9359	49.9395	0.00438	6	sex
320	49.9407	49.9411	0.00353	6	sex
330	49.9336	49.935	0.00263	6	sex
340	49.9309	49.9279	0.0024	6	sex
350	49.9191	49.9221	0.00209	6	sex
360	49.9191	49.9221	0.00145	6	sex
370	49.9151	49.9168	0.00102	6	sex
380	49.9084	49.9085	0.00098	6	sex
390	49.9086	49.9037	0.00078	6	sex
400	49.8891	49.8919	0.00038	6	sex
410	49.89	49.8893	0.0005	6	sex
420	49.8995	49.8957	0.00091	6	sex
430	49.885	49.8856	0.00145	6	sex
440	49.878	49.8775	0.00163	6	sex
450	49.8553	49.8595	0.00147	6	sex
460	49.8692	49.8708	0.00188	6	sex
470	49.8485	49.847	0.00255	6	sex
480	49.8497	49.8504	0.00337	6	sex
490	49.8411	49.841	0.00393	6	sex
500	49.8524	49.8527	0.00266	6	sex
510	49.8588	49.8594	0.00275	6	sex
520	49.8632	49.8614	0.00289	6	sex
530	49.8514	49.8514	0.00278	6	sex
540	49.847	49.8428	0.00193	6	sex
550	49.8404	49.8355	0.00117	6	sex
560	49.8371	49.8349	0.00099	6	sex
570	49.8387	49.8389	0.00092	6	sex
580	49.8282	49.8266	0.00093	6	sex
590	49.8208	49.8173	0.0009	6	sex
600	49.8137	49.8112	0.00091	6	sex
610	49.8098	49.8027	0.0011	6	sex
620	49.8085	49.8046	0.00178	6	sex
630	49.8174	49.8168	0.00169	6	sex
640	49.8013	49.7991	0.00224	6	sex
650	49.7757	49.7778	0.00199	6	sex
660	49.7684	49.7695	0.00185	6	sex
670	49.7533	49.752	0.00157	6	sex
680	49.7427	49.7432	0.00141	6	sex
690	49.7281	49.7285	0.00123	6	sex
700	49.7158	49.7116	0.00092	6	sex
710	49.7148	49.7135	0.00138	6	sex
720	49.7104	49.7099	0.00154	6	sex
730	49.7079	49.7112	0.0014	6	sex
740	49.724	49.7221	0.00212	6	sex
750	49.7176	49.7178	0.00164	6	sex
760	49.7178	49.7152	0.00112	6	sex
770	49.7058	49.708	0.00143	6	sex
780	49.7059	49.7103	0.00149	6	sex
790	49.7128	49.7068	0.00128	6	sex
800	49.6964	49.695	0.00213	6	sex
810	49.7009	49.7001	0.00226	6	sex
820	49.691	49.691	0.00176	6	sex
830	49.6806	49.6864	0.0015	6	sex
840	49.673	49.6735	0.00158	6	sex
850	49.6783	49.6855	0.00092	6	sex
860	49.6861	49.6788	0.00095	6	sex
870	49.6599	49.665	0.00085	6	sex
880	49.6559	49.6559	0.00078	6	sex
890	49.6508	49.6496	0.00112	6	sex
900	49.6287	49.6313	0.0013	6	sex
910	49.626	49.6215	0.00104	6	sex
920	49.6197	49.6098	0.00118	6	sex
930	49.6156	49.6099	0.00136	6	sex
940	49.6052	49.6068	0.00111	6	sex
950	49.5822	49.5805	0.00105	6	sex
960	49.5774	49.5739	0.00073	6	sex
970	49.5699	49.5671	0.00041	6	sex
980	49.5641	49.5619	0.00039	6	sex
990	49.5553	49.5573	0.00024	6	sex
10	49.9919	49.993	0.01025	7	sex
20	49.992	49.9922	0.0105	7	sex
30	49.9925	49.9936	0.01171	7	sex
40	49.9937	49.9942	0.01013	7	sex
50	49.9927	49.9941	0.00997	7	sex
60	49.9888	49.9888	0.01112	7	sex
70	49.9879	49.9883	0.01084	7	sex
80	49.9864	49.9849	0.01118	7	sex
90	49.9838	49.9849	0.01075	7	sex
100	49.9838	49.9843	0.01097	7	sex
110	49.9832	49.9839	0.0107	7	sex
120	49.9823	49.9815	0.01065	7	sex
130	49.9795	49.98	0.01023	7	sex
140	49.9681	49.9697	0.0105	7	sex
150	49.9605	49.9614	0.01091	7	sex
160	49.9495	49.9496	0.01144	7	sex
170	49.948	49.9499	0.00989	7	sex
180	49.9442	49.9435	0.01004	7	sex
190	49.9346	49.9365	0.01091	7	sex
200	49.935	49.9347	0.01121	7	sex
210	49.9284	49.9273	0.01225	7	sex
220	49.9338	49.932	0.01341	7	sex
230	49.9239	49.9234	0.01315	7	sex
240	49.9183	49.9203	0.01221	7	sex
250	49.9141	49.9188	0.01054	7	sex
260	49.9264	49.9241	0.01029	7	sex
270	49.921	49.9157	0.01022	7	sex
280	49.9203	49.9223	0.00994	7	sex
290	49.9194	49.9213	0.01082	7	sex
300	49.9045	49.9021	0.00966	7	sex
310	49.9026	49.9028	0.00938	7	sex
320	49.89	49.8903	0.00842	7	sex
330	49.88	49.882	0.00774	7	sex
340	49.8701	49.8703	0.00756	7	sex
350	49.8685	49.8707	0.00746	7	sex
360	49.8699	49.8695	0.00903	7	sex
370	49.8695	49.8669	0.00875	7	sex
380	49.8518	49.852	0.0089	7	sex
390	49.8408	49.8473	0.00796	7	sex
400	49.8483	49.8493	0.00971	7	sex
410	49.8322	49.83	0.01028	7	sex
420	49.826	49.8275	0.01092	7	sex
430	49.8066	49.8064	0.01056	7	sex
440	49.7998	49.8001	0.01089	7	sex
450	49.7891	49.7854	0.01251	7	sex
460	49.7884	49.7911	0.0115	7	sex
470	49.7912	49.7929	0.0124	7	sex
480	49.7896	49.7865	0.01311	7	sex
490	49.7807	49.7809	0.01426	7	sex
500	49.7722	49.7732	0.01308	7	sex
510	49.7559	49.7551	0.01309	7	sex
520	49.746	49.7491	0.01457	7	sex
530	49.7496	49.7481	0.00963	7	sex
540	49.7365	49.7377	0.01081	7	sex
550	49.741	49.7371	0.00957	7	sex
560	49.7193	49.7205	0.01031	7	sex
570	49.7106	49.7143	0.00942	7	sex
580	49.7067	49.7058	0.00828	7	sex
590	49.6874	49.6917	0.00923	7	sex
600	49.6908	49.6963	0.00876	7	sex
610	49.6901	49.6968	0.00797	7	sex
620	49.704	49.705	0.00809	7	sex
630	49.7159	49.7137	0.00919	7	sex
640	49.7006	49.7001	0.00922	7	sex
650	49.6718	49.6748	0.00946	7	sex
660	49.6823	49.6823	0.00879	7	sex
670	49.6579	49.6585	0.00914	7	sex
680	49.6687	49.6716	0.00857	7	sex
690	49.6664	49.6707	0.00754	7	sex
700	49.6576	49.657	0.00722	7	sex
710	49.6532	49.6589	0.00683	7	sex
720	49.6664	49.6699	0.00724	7	sex
730	49.6566	49.6547	0.00898	7	sex
740	49.6572	49.6591	0.00813	7	sex
750	49.638	49.6394	0.00794	7	sex
760	49.621	49.6182	0.00847	7	sex
770	49.6241	49.6267	0.00817	7	sex
780	49.6326	49.6354	0.00814	7	sex
790	49.6406	49.6416	0.00723	7	sex
800	49.6427	49.6434	0.0073	7	sex
810	49.6378	49.6416	0.00717	7	sex
820	49.6373	49.6366	0.0077	7	sex
830	49.6255	49.6306	0.00688	7	sex
840	49.6481	49.6472	0.00514	7	sex
850	49.6481	49.6421	0.0053	7	sex
860	49.6556	49.653	0.00529	7	sex
870	49.6645	49.6658	0.00536	7	sex
880	49.6531	49.6519	0.00588	7	sex
890	49.6606	49.6589	0.006	7	sex
900	49.6306	49.6326	0.00666	7	sex
910	49.6115	49.6111	0.00576	7	sex
920	49.6125	49.6082	0.00517	7	sex
930	49.5931	49.5983	0.00433	7	sex
940	49.5933	49.5866	0.00388	7	sex
950	49.5791	49.5738	0.00337	7	sex
960	49.5714	49.5674	0.00327	7	sex
970	49.5716	49.5688	0.00364	7	sex
980	49.5672	49.5604	0.00337	7	sex
990	49.5514	49.5443	0.00495	7	sex
10	49.9903	49.9919	0.00877	8	sex
20	49.9873	49.9878	0.00939	8	sex
30	49.9802	49.9804	0.01101	8	sex
40	49.9723	49.972	0.01272	8	sex
50	49.9639	49.9656	0.01403	8	sex
60	49.9617	49.9635	0.01398	8	sex
70	49.9572	49.9574	0.01524	8	sex
80	49.9563	49.9572	0.01411	8	sex
90	49.9448	49.9453	0.01551	8	sex
100	49.9362	49.9333	0.01571	8	sex
110	49.9315	49.9331	0.01529	8	sex
120	49.9276	49.9278	0.01749	8	sex
130	49.918	49.9151	0.01964	8	sex
140	49.9114	49.9087	0.01957	8	sex
150	49.8962	49.8951	0.01963	8	sex
160	49.897	49.893	0.01887	8	sex
170	49.8854	49.8823	0.01915	8	sex
180	49.8864	49.889	0.01775	8	sex
190	49.8835	49.8803	0.01789	8	sex
200	49.8826	49.882	0.01748	8	sex
210	49.8644	49.8629	0.01888	8	sex
220	49.8588	49.8571	0.01929	8	sex
230	49.8484	49.8459	0.017	8	sex
240	49.8322	49.8333	0.01872	8	sex
250	49.8213	49.8193	0.01932	8	sex
260	49.8033	49.8003	0.02272	8	sex
270	49.8159	49.815	0.02076	8	sex
280	49.812	49.8091	0.02166	8	sex
290	49.801	49.8021	0.02381	8	sex
300	49.7922	49.7956	0.02487	8	sex
310	49.7888	49.7875	0.02469	8	sex
320	49.7902	49.7853	0.02366	8	sex
330	49.7858	49.79	0.0237	8	sex
340	49.7833	49.7799	0.02544	8	sex
350	49.7842	49.78	0.02569	8	sex
360	49.7527	49.758	0.02868	8	sex
370	49.7303	49.7293	0.03378	8	sex
380	49.7119	49.7114	0.03496	8	sex
390	49.7005	49.6984	0.03558	8	sex
400	49.6646	49.6574	0.03789	8	sex
410	49.6414	49.6439	0.03913	8	sex
420	49.6296	49.6293	0.04031	8	sex
430	49.5982	49.5981	0.04095	8	sex
440	49.5749	49.5735	0.04194	8	sex
450	49.5555	49.5569	0.04245	8	sex
460	49.5454	49.5459	0.04132	8	sex
470	49.5366	49.5368	0.0421	8	sex
480	49.506	49.5077	0.04247	8	sex
490	49.502	49.5056	0.03944	8	sex
500	49.5067	49.4979	0.03598	8	sex
510	49.4833	49.4773	0.03627	8	sex
520	49.4491	49.4473	0.03792	8	sex
530	49.4524	49.4522	0.03779	8	sex
540	49.4502	49.4458	0.03753	8	sex
550	49.4318	49.4366	0.04059	8	sex
560	49.4004	49.3967	0.04226	8	sex
570	49.3753	49.3781	0.04136	8	sex
580	49.342	49.3377	0.0424	8	sex
590	49.3198	49.3184	0.04475	8	sex
600	49.2975	49.2915	0.04515	8	sex
610	49.2726	49.2725	0.04971	8	sex
620	49.2578	49.2612	0.04717	8	sex
630	49.2687	49.2661	0.04779	8	sex
640	49.2437	49.2414	0.04927	8	sex
650	49.2157	49.2155	0.04818	8	sex
660	49.1633	49.1619	0.0522	8	sex
670	49.1612	49.1548	0.05519	8	sex
680	49.1197	49.1155	0.05707	8	sex
690	49.1005	49.0977	0.05756	8	sex
700	49.0863	49.0876	0.05837	8	sex
710	49.068	49.072	0.05817	8	sex
720	49.0411	49.0354	0.05616	8	sex
730	49.0323	49.0375	0.05453	8	sex
740	49.008	49.0079	0.05247	8	sex
750	49.0101	49.0079	0.04677	8	sex
760	48.9598	48.9601	0.04739	8	sex
770	48.95	48.9511	0.04645	8	sex
780	48.938	48.929	0.04629	8	sex
790	48.9227	48.9173	0.04866	8	sex
800	48.9017	48.905	0.05031	8	sex
810	48.9191	48.9101	0.04843	8	sex
820	48.8794	48.8886	0.04611	8	sex
830	48.8653	48.8589	0.04672	8	sex
840	48.8284	48.8264	0.0475	8	sex
850	48.8132	48.8109	0.04847	8	sex
860	48.7611	48.758	0.05285	8	sex
870	48.7425	48.7254	0.05337	8	sex
880	48.6951	48.7005	0.05268	8	sex
890	48.7048	48.7038	0.05297	8	sex
900	48.666	48.6816	0.05718	8	sex
910	48.6585	48.6688	0.05525	8	sex
920	48.6739	48.6652	0.05561	8	sex
930	48.6342	48.6342	0.05693	8	sex
940	48.5972	48.5883	0.05741	8	sex
950	48.5714	48.5629	0.06008	8	sex
960	48.5676	48.5802	0.0563	8	sex
970	48.5286	48.5298	0.05498	8	sex
980	48.5072	48.5052	0.05389	8	sex
990	48.4795	48.484	0.05283	8	sex
10	49.9922	49.9922	0.00972	9	sex
20	49.9887	49.9891	0.00884	9	sex
30	49.9844	49.984	0.01053	9	sex
40	49.9776	49.9786	0.01322	9	sex
50	49.9723	49.9747	0.01429	9	sex
60	49.9663	49.965	0.01363	9	sex
70	49.9605	49.9595	0.01424	9	sex
80	49.9523	49.9511	0.01338	9	sex
90	49.9489	49.9491	0.01313	9	sex
100	49.9439	49.9431	0.01398	9	sex
110	49.9388	49.939	0.01381	9	sex
120	49.9343	49.9321	0.01658	9	sex
130	49.9193	49.9176	0.01671	9	sex
140	49.9099	49.9123	0.01623	9	sex
150	49.9066	49.9074	0.01568	9	sex
160	49.9051	49.9042	0.01394	9	sex
170	49.8904	49.8893	0.01604	9	sex
180	49.8884	49.8871	0.01442	9	sex
190	49.8896	49.8895	0.01475	9	sex
200	49.8972	49.8959	0.01334	9	sex
210	49.8887	49.8883	0.01372	9	sex
220	49.8825	49.8841	0.01336	9	sex
230	49.8828	49.8845	0.01242	9	sex
240	49.8782	49.8811	0.01298	9	sex
250	49.88	49.8814	0.01385	9	sex
260	49.876	49.878	0.01395	9	sex
270	49.8909	49.8894	0.01315	9	sex
280	49.8797	49.8832	0.01153	9	sex
290	49.8795	49.8786	0.0141	9	sex
300	49.8682	49.872	0.0157	9	sex
310	49.8618	49.8655	0.0147	9	sex
320	49.8678	49.8629	0.01396	9	sex
330	49.8687	49.8709	0.01483	9	sex
340	49.8601	49.8585	0.01619	9	sex
350	49.8428	49.8443	0.01696	9	sex
360	49.8346	49.8315	0.01783	9	sex
370	49.8265	49.8253	0.01672	9	sex
380	49.8186	49.8216	0.01768	9	sex
390	49.8315	49.8255	0.01757	9	sex
400	49.8023	49.8002	0.02003	9	sex
410	49.7851	49.7867	0.01965	9	sex
420	49.7835	49.7852	0.01861	9	sex
430	49.7817	49.7804	0.01693	9	sex
440	49.784	49.7889	0.01619	9	sex
450	49.7813	49.7792	0.01687	9	sex
460	49.7683	49.7682	0.02028	9	sex
470	49.7537	49.7524	0.02167	9	sex
480	49.7448	49.7505	0.01932	9	sex
490	49.7519	49.7477	0.02053	9	sex
500	49.7548	49.7554	0.02031	9	sex
510	49.7533	49.7564	0.01939	9	sex
520	49.7561	49.7623	0.02037	9	sex
530	49.7596	49.7631	0.01906	9	sex
540	49.7552	49.7605	0.01955	9	sex
550	49.7488	49.749	0.0215	9	sex
560	49.7408	49.7427	0.01965	9	sex
570	49.7452	49.751	0.01886	9	sex
580	49.7271	49.7287	0.01881	9	sex
590	49.7048	49.7049	0.02154	9	sex
600	49.6945	49.6962	0.02179	9	sex
610	49.7002	49.7007	0.02085	9	sex
620	49.6785	49.6774	0.02254	9	sex
630	49.6686	49.6629	0.02248	9	sex
640	49.6739	49.6738	0.02575	9	sex
650	49.6518	49.653	0.02671	9	sex
660	49.6418	49.6409	0.02425	9	sex
670	49.6347	49.633	0.02454	9	sex
680	49.6291	49.6288	0.02468	9	sex
690	49.6157	49.6134	0.0295	9	sex
700	49.6095	49.6099	0.02708	9	sex
710	49.584	49.5842	0.02979	9	sex
720	49.5836	49.581	0.02875	9	sex
730	49.5523	49.5581	0.02808	9	sex
740	49.5509	49.5553	0.0268	9	sex
750	49.5349	49.5376	0.02923	9	sex
760	49.5334	49.5382	0.02652	9	sex
770	49.5281	49.5288	0.02841	9	sex
780	49.5143	49.5184	0.02502	9	sex
790	49.4789	49.4667	0.03067	9	sex
800	49.4282	49.4297	0.0323	9	sex
810	49.399	49.4037	0.03844	9	sex
820	49.3745	49.3769	0.03832	9	sex
830	49.3511	49.3526	0.04181	9	sex
840	49.3336	49.332	0.04041	9	sex
850	49.3204	49.3242	0.0409	9	sex
860	49.3032	49.3138	0.03968	9	sex
870	49.3006	49.2954	0.03857	9	sex
880	49.2869	49.284	0.03985	9	sex
890	49.2607	49.2716	0.03864	9	sex
900	49.2324	49.2256	0.04259	9	sex
910	49.2033	49.2007	0.04219	9	sex
920	49.1803	49.1742	0.04134	9	sex
930	49.1785	49.182	0.04445	9	sex
940	49.1635	49.163	0.04728	9	sex
950	49.1337	49.1325	0.05084	9	sex
960	49.1046	49.1032	0.05422	9	sex
970	49.0609	49.0637	0.05812	9	sex
980	49.0662	49.07	0.05719	9	sex
990	49.0412	49.0327	0.06161	9	sex
10	49.9947	49.9959	0.00825	10	sex
20	49.9947	49.9958	0.00595	10	sex
30	49.9916	49.9936	0.00693	10	sex
40	49.9908	49.9912	0.00689	10	sex
50	49.9868	49.987	0.00808	10	sex
60	49.9819	49.9817	0.00899	10	sex
70	49.9793	49.9802	0.00984	10	sex
80	49.9788	49.9797	0.01015	10	sex
90	49.9809	49.9813	0.01039	10	sex
100	49.9773	49.9773	0.01028	10	sex
110	49.9765	49.9764	0.00976	10	sex
120	49.9729	49.9735	0.00883	10	sex
130	49.9662	49.9675	0.0089	10	sex
140	49.9679	49.9688	0.00833	10	sex
150	49.959	49.9607	0.00918	10	sex
160	49.9627	49.9636	0.00876	10	sex
170	49.9637	49.9622	0.00881	10	sex
180	49.9525	49.9535	0.01134	10	sex
190	49.9576	49.9599	0.01081	10	sex
200	49.9566	49.9592	0.0107	10	sex
210	49.9515	49.9492	0.01097	10	sex
220	49.9447	49.9425	0.01184	10	sex
230	49.9352	49.9345	0.01183	10	sex
240	49.9462	49.9466	0.00953	10	sex
250	49.9381	49.9393	0.00973	10	sex
260	49.9297	49.9284	0.01027	10	sex
270	49.9229	49.9244	0.01025	10	sex
280	49.913	49.9149	0.00984	10	sex
290	49.9018	49.9032	0.00885	10	sex
300	49.9049	49.9025	0.00843	10	sex
310	49.885	49.8887	0.00949	10	sex
320	49.8812	49.8741	0.00958	10	sex
330	49.8619	49.8615	0.01009	10	sex
340	49.8436	49.8456	0.01128	10	sex
350	49.8388	49.838	0.01158	10	sex
360	49.8237	49.8292	0.01056	10	sex
370	49.8345	49.8331	0.00973	10	sex
380	49.8303	49.8313	0.00922	10	sex
390	49.8311	49.8349	0.00897	10	sex
400	49.8179	49.8189	0.01085	10	sex
410	49.8168	49.8121	0.01023	10	sex
420	49.8216	49.821	0.01008	10	sex
430	49.8118	49.8115	0.00877	10	sex
440	49.8083	49.8068	0.0086	10	sex
450	49.801	49.8001	0.00768	10	sex
460	49.7895	49.7919	0.00784	10	sex
470	49.8088	49.805	0.0078	10	sex
480	49.8016	49.8037	0.00656	10	sex
490	49.7978	49.803	0.00695	10	sex
500	49.7826	49.7809	0.00703	10	sex
510	49.7681	49.7681	0.00839	10	sex
520	49.7784	49.7797	0.00759	10	sex
530	49.7789	49.7757	0.0078	10	sex
540	49.7755	49.7724	0.00889	10	sex
550	49.7685	49.7664	0.00785	10	sex
560	49.76	49.7603	0.00797	10	sex
570	49.7511	49.7525	0.00897	10	sex
580	49.7455	49.7487	0.01024	10	sex
590	49.7474	49.7471	0.01045	10	sex
600	49.7425	49.7368	0.00999	10	sex
610	49.7254	49.7298	0.00909	10	sex
620	49.7228	49.724	0.00904	10	sex
630	49.7023	49.704	0.00819	10	sex
640	49.6968	49.6965	0.0084	10	sex
650	49.6912	49.694	0.0082	10	sex
660	49.6836	49.6806	0.00794	10	sex
670	49.6793	49.6877	0.00862	10	sex
680	49.6808	49.6867	0.00925	10	sex
690	49.6768	49.6782	0.01061	10	sex
700	49.6706	49.6724	0.01009	10	sex
710	49.6698	49.6711	0.00989	10	sex
720	49.6613	49.6612	0.00834	10	sex
730	49.6655	49.6635	0.00891	10	sex
740	49.6566	49.6545	0.00895	10	sex
750	49.6452	49.643	0.01044	10	sex
760	49.6298	49.6315	0.00996	10	sex
770	49.6352	49.6303	0.0088	10	sex
780	49.6185	49.6165	0.00891	10	sex
790	49.623	49.6375	0.00891	10	sex
800	49.6204	49.6262	0.00671	10	sex
810	49.6184	49.6159	0.00684	10	sex
820	49.6208	49.6189	0.00587	10	sex
830	49.5981	49.5982	0.00649	10	sex
840	49.5806	49.5743	0.00752	10	sex
850	49.5792	49.5812	0.00742	10	sex
860	49.5741	49.5776	0.00804	10	sex
870	49.5686	49.5634	0.00867	10	sex
880	49.564	49.56	0.00845	10	sex
890	49.5394	49.5437	0.008	10	sex
900	49.5459	49.542	0.00743	10	sex
910	49.5351	49.5348	0.0082	10	sex
920	49.5322	49.5313	0.00801	10	sex
930	49.5258	49.5218	0.00821	10	sex
940	49.5183	49.5148	0.0093	10	sex
950	49.5227	49.52	0.00773	10	sex
960	49.5107	49.5055	0.00723	10	sex
970	49.5094	49.5111	0.00815	10	sex
980	49.503	49.5063	0.00785	10	sex
990	49.4917	49.494	0.00814	10	sex
